experiment,variant,seed,market,config_hash,label,oracle,forecast,risk_model,n_bars,mean,var,ce_ann,sharpe,sharpe_gross,sr_bar,skew,kurt,ann_return,ann_vol,max_drawdown,cvar95,turnover,cost_drag,gross_exposure,net_exposure,flat_frac,n_decisions,n_hold,hold_frac,n_optimal,n_inaccurate,n_failed,max_violation,max_identity_residual,n_leverage_scaled,impact_unavailable,n_fills,n_capped,wall_run_s,wall_cpu_s,wall_solve_ms_mean,pre_n,pre_mean,pre_var,post_n,post_mean,post_var
T2_TAILS,base_jump|CVAR,1000,base_jump,18b7d496657f05ce5f69d6c6e292345eaf244853da718ef5964b18517a976b50,TIER2,false,plain,none,999,-0.00012980367113705853,3.8676278253639434e-06,-0.03563445176251389,-1.0477674627946056,-1.016893125027017,-0.06600314615189637,0.21802224228293177,6.35346733193799,-0.032654420728978395,0.03121926027297434,0.14452105184667324,0.004490030868014372,0.0020038580971357503,0.0010472468754564584,0.3062557291668955,-0.00028666414051522473,0.03003003003003003,200,0,0.0,199,1,0,1.2805352626924148e-09,3.4933467949444345e-16,0,0,3684,0,2.6522484999732114,2.625,11.039519500627648,369,-0.00012742749388581365,2.9698492230339472e-06,630,-0.00013119543209850196,4.399021863073224e-06
T2_TAILS,base_jump|CVAR,1001,base_jump,18b7d496657f05ce5f69d6c6e292345eaf244853da718ef5964b18517a976b50,TIER2,false,plain,none,999,5.7702146773945725e-06,5.279897371764209e-07,0.0010549338573980582,0.1260606380671104,0.153574481060763,0.007941073772373719,-0.18213529200628223,14.672764980021658,0.001388587635083427,0.01153487814276588,0.02086739864968015,0.0019000010020174818,0.0008125022528619014,0.00028270509147012635,0.0642681210875071,-0.0027344428921182076,0.4804804804804805,200,0,0.0,200,0,0,6.084357912506429e-11,2.799150278852745e-16,0,0,1754,0,2.424305299995467,2.4375,10.095980001497082,369,0.0,0.0,630,9.149911845582822e-06,8.377015510738332e-07
T2_TAILS,base_jump|CVAR,1002,base_jump,18b7d496657f05ce5f69d6c6e292345eaf244853da718ef5964b18517a976b50,TIER2,false,plain,none,999,-2.4277443607067026e-05,1.180790280296626e-06,-0.00701059324088514,-0.3546637809228764,-0.31757627058491583,-0.022341718175329168,-0.6145661722468858,10.457219463574928,-0.006247100200830857,0.017249902916676076,0.055495189363144494,0.002662356799714458,0.0011451353689995757,0.0005871799634807753,0.1824314250091503,-0.0012594922303327805,0.0,200,0,0.0,198,2,0,1.5541566363660014e-10,2.970991831542925e-16,0,0,3766,0,2.6281556999892928,2.625,11.003876998147462,369,-0.00013720044177413632,2.0257752350181907e-06,630,4.186316960507356e-05,6.764421076330044e-07
T2_TAILS,base_jump|CVAR,1003,base_jump,18b7d496657f05ce5f69d6c6e292345eaf244853da718ef5964b18517a976b50,TIER2,false,plain,none,999,-6.186499357305573e-05,5.647316387266925e-06,-0.01985934956918384,-0.4132607721320877,-0.38015991894827167,-0.026032981659048476,0.032741820880220596,6.957111491213262,-0.016169226899638955,0.03772431218181804,0.12237441609643336,0.005733967383372982,0.004033241611717848,0.0014351933313548517,0.33670409375297244,-0.000750090802427849,0.09509509509509509,200,0,0.0,200,0,0,2.7180764035908846e-10,3.306804677475997e-16,0,0,3388,0,2.5641525000100955,2.5,10.759999495639931,369,-1.2868966646946584e-05,3.697423230572519e-06,630,-9.056266648691965e-05,6.79485745589643e-06
T2_TAILS,base_jump|CVAR,1004,base_jump,18b7d496657f05ce5f69d6c6e292345eaf244853da718ef5964b18517a976b50,TIER2,false,plain,none,999,5.813706082452191e-05,3.1184542540949343e-06,0.01229298791168375,0.5226171453609771,0.5671537579975845,0.032921785655324734,0.4621189798440107,10.315322528912258,0.014359962032022056,0.028033024667914866,0.03648482441204767,0.004231541608046389,0.0033371820405081794,0.0010886485323591724,0.2222112820551849,-0.0038258012150139045,0.0,200,0,0.0,197,3,0,2.1662595838761377e-07,3.0437137678168816e-16,0,0,3956,0,2.5686177000170574,2.53125,10.740984500735067,369,-3.754068852769994e-05,4.934571219221566e-07,630,0.000114176885445109,4.6506656950554755e-06
T2_TAILS,base_jump|CVAR,1005,base_jump,18b7d496657f05ce5f69d6c6e292345eaf244853da718ef5964b18517a976b50,TIER2,false,plain,none,999,-9.864366723323005e-06,4.134327008650777e-08,-0.0025170759264627972,-0.7701353662248844,-0.7520150169222865,-0.04851396797349277,-0.44146258243963293,8.746368757796725,-0.0024879370689975255,0.0032277707573184246,0.011866376464858535,0.0005300817527927903,0.00020566993334332942,8.675674563106416e-05,0.029295333073868435,0.0022024913434962336,0.2172172172172172,200,0,0.0,200,0,0,8.06071210929757e-13,3.0404134415920706e-16,0,0,2196,0,2.4559132999856956,2.453125,10.258468000101857,369,4.2420871681686286e-07,8.291275407848592e-11,630,-1.589053233826207e-05,6.545013194586539e-08
T2_TAILS,base_jump|CVAR,1006,base_jump,18b7d496657f05ce5f69d6c6e292345eaf244853da718ef5964b18517a976b50,TIER2,false,plain,none,999,1.3676510874528092e-06,4.0348158732260336e-08,0.0003141448660365191,0.10808457648505808,0.145916934834767,0.006808688331933415,1.1537959623010239,11.405530677100057,0.000339627516724228,0.0031886887588050365,0.008746078517229961,0.00041592064459098575,0.0003768182572926671,0.00010778617638756534,0.026456978838170973,-0.0009841708470863274,0.08508508508508508,200,0,0.0,199,1,0,1.690307286392891e-11,3.051089536067885e-16,0,0,3057,0,2.5908292999956757,2.5625,10.720101497718133,369,-2.1753105460887683e-06,1.20093336180267e-08,630,3.442814329955733e-06,5.6980417761262664e-08
T2_TAILS,base_jump|CVAR,1007,base_jump,18b7d496657f05ce5f69d6c6e292345eaf244853da718ef5964b18517a976b50,TIER2,false,plain,none,999,4.783786680963433e-05,1.015901537633292e-05,0.004374926811520163,0.2382573279517593,0.27243790494600406,0.015008800899978888,0.14159938472483516,6.279885580617418,0.010834841909646453,0.05059715283329583,0.11096414240265512,0.007449408606354386,0.004131150747326654,0.001715218382295202,0.42490737436497333,0.002578378554037573,0.22522522522522523,200,0,0.0,199,1,0,7.390464767942362e-10,2.724617701802533e-16,0,0,3090,0,2.5730530000291765,2.5625,10.65775649738498,369,-1.0835343366487973e-05,9.55166182484384e-07,630,8.220360419850596e-05,1.5556727915169253e-05
T2_TAILS,base_jump|CVAR,1008,base_jump,18b7d496657f05ce5f69d6c6e292345eaf244853da718ef5964b18517a976b50,TIER2,false,plain,none,999,2.4929079733990655e-05,4.672701488152794e-06,0.002749565767922133,0.18307224124332083,0.221168439627505,0.011532467197358311,0.08037518769729143,5.748539402777589,0.00571020972568026,0.034315022585079326,0.060608855149277906,0.004881592894454314,0.0023458745840941276,0.0012890797435063971,0.37538050110906,-0.000968144159868,0.0,200,0,0.0,199,1,0,3.711718293830657e-10,2.8996375619125175e-16,0,0,3828,0,2.574557499960065,2.546875,10.643095501582138,369,-5.4936077900137266e-05,5.851635872123214e-06,630,7.170724349112273e-05,3.984454490871652e-06
T2_TAILS,base_jump|CVAR,1009,base_jump,18b7d496657f05ce5f69d6c6e292345eaf244853da718ef5964b18517a976b50,TIER2,false,plain,none,999,9.193164565950444e-05,1.5669207305091047e-05,0.011320853983546288,0.36867338941208105,0.4228693771388087,0.023224240556943804,0.3040216799477693,5.769530016274535,0.021421435169975522,0.06283820685604374,0.10820177779573092,0.008946842041646069,0.011380283597955093,0.003548049409062585,0.6791696549853019,-0.0018435425555146483,0.16516516516516516,200,0,0.0,199,1,0,2.261852788398855e-09,3.138582646562908e-16,0,0,3558,0,2.468516900029499,2.4375,10.151758503925521,369,-4.75000530068787e-05,1.3926293355184888e-06,630,0.00017359878344981459,2.4028625905008718e-05
T2_TAILS,base_jump|CVAR,1010,base_jump,18b7d496657f05ce5f69d6c6e292345eaf244853da718ef5964b18517a976b50,TIER2,false,plain,none,999,1.2258640788400267e-05,1.401344572362755e-07,0.002983235829006243,0.5198405119752632,0.5637338689358271,0.032746874192929536,0.398564289239044,7.047620186826299,0.003076243409937396,0.00594254854616615,0.013782901336449173,0.0008452453479718236,0.00040127062661669713,0.0001959930929586952,0.05626444998036261,-0.004327331341219881,0.0,200,0,0.0,200,0,0,6.710098417094436e-11,3.1917460102014026e-16,0,0,3874,0,2.585084700025618,2.5625,10.741522503376473,369,1.5252735461890652e-05,2.5247385703805057e-07,630,1.05049567653559e-05,7.46241072917392e-08
T2_TAILS,base_jump|CVAR,1011,base_jump,18b7d496657f05ce5f69d6c6e292345eaf244853da718ef5964b18517a976b50,TIER2,false,plain,none,999,6.206982894074475e-09,1.3039192707539742e-11,1.5543020596198677e-06,0.027286979647974812,0.04540066052302695,0.0017189181471100514,-0.1857162727559069,25.64780551998198,1.5625196110313766e-06,5.7322565908200717e-05,0.00015577389443952646,9.881679465315596e-06,7.813802977268886e-06,1.217793447662219e-06,0.00023479808112416935,1.456053714306093e-05,0.7697697697697697,200,0,0.0,199,1,0,1.0223189552816529e-12,2.658196527856452e-16,0,0,452,0,2.1926706000231206,2.140625,9.040708999091294,369,1.5072290889627548e-08,3.534973879740928e-11,630,1.0144453538219617e-09,6.9387237947835715e-15
T2_TAILS,base_jump|CVAR,1012,base_jump,18b7d496657f05ce5f69d6c6e292345eaf244853da718ef5964b18517a976b50,TIER2,false,plain,none,999,-9.627511827396154e-06,3.0579463640699575e-07,-0.0026573137256275196,-0.27637540969274277,-0.22544709018855624,-0.017410014346204466,0.4153552119938548,7.150715551421626,-0.002461596397271726,0.00877839668587396,0.018841538070914526,0.0012320083759731816,0.0005563970797344382,0.00033848467926106385,0.10502107749680896,-0.006475000110083939,0.1001001001001001,200,0,0.0,199,1,0,2.0491215013296523e-11,3.156049723991227e-16,0,0,3325,0,2.5849460000172257,2.546875,10.7662749994779,369,-1.2116301397886158e-05,1.5748749016578056e-07,630,-8.169792221823439e-06,3.9304296728740987e-07
T2_TAILS,base_jump|CVAR,1013,base_jump,18b7d496657f05ce5f69d6c6e292345eaf244853da718ef5964b18517a976b50,TIER2,false,plain,none,999,-2.2313051219935453e-05,1.5858578399553685e-07,-0.00574277976012436,-0.8894614005251358,-0.8684543536249265,-0.05603080158525535,-2.2219288022351216,27.79280849893599,-0.0056270347498866835,0.0063216783821130355,0.026633021419414947,0.0011894590460795108,0.0005504965519196635,0.00016148922995678334,0.03738261332086781,0.001745846117610381,0.0,200,0,0.0,199,1,0,5.3515744193800067e-11,3.2366070656029596e-16,0,0,2836,0,2.493719099962618,2.46875,10.379545000032522,369,2.2013846511074916e-06,2.546546746314096e-09,630,-3.667150651583204e-05,2.495705020393883e-07
T2_TAILS,base_jump|CVAR,1014,base_jump,18b7d496657f05ce5f69d6c6e292345eaf244853da718ef5964b18517a976b50,TIER2,false,plain,none,999,-1.6814182343018802e-05,9.931010847388124e-07,-0.00498795837050328,-0.26784237982835657,-0.23035983317606576,-0.01687248399022701,0.43805858077347376,9.268157090230584,-0.004352682964371413,0.015819654653442365,0.04362007989539854,0.0022842207525267753,0.002077444688950203,0.0007138640181060391,0.1518790120026931,0.00677790594410813,0.0,200,0,0.0,199,1,0,6.917223098128052e-11,2.745669271313785e-16,0,0,3777,0,2.7197519000037573,2.703125,11.425658497028053,369,3.618899429458998e-05,9.731878529746794e-07,630,-4.785890008790395e-05,1.0037168990222802e-06
T2_TAILS,base_jump|CVAR,1015,base_jump,18b7d496657f05ce5f69d6c6e292345eaf244853da718ef5964b18517a976b50,TIER2,false,plain,none,999,2.3707162991392425e-05,2.8399080980580824e-06,0.003827234551698981,0.22332004819444476,0.23882816010793523,0.01406784072136809,0.08819202796021633,10.968247686883464,0.00563251410407406,0.026751763319651227,0.052788645339374274,0.003929617786909594,0.0010932130603765946,0.000679292113468828,0.2201388059758468,0.010411599697619896,0.015015015015015015,200,0,0.0,198,2,0,4.2595857114795385e-10,3.4555508518546794e-16,0,0,3420,0,2.704587200016249,2.71875,11.293152498838026,369,8.141427866283376e-05,4.495252358799895e-06,630,-1.0092719044737501e-05,1.8728567100396938e-06
T2_TAILS,base_jump|CVAR,1016,base_jump,18b7d496657f05ce5f69d6c6e292345eaf244853da718ef5964b18517a976b50,TIER2,false,plain,none,999,6.295973031581807e-05,1.1606565103270519e-06,0.0149883957177789,0.927707939915685,0.9667792469213663,0.05844010710278462,0.2706211338550645,5.9836875852224205,0.015843500691852475,0.017102205723309994,0.022826940033992903,0.0022462932011031865,0.0014760133973674323,0.0006386178418352568,0.1820005304912199,-0.004297572940365516,0.0,200,0,0.0,196,4,0,9.413760232379152e-09,2.9119479674477374e-16,0,0,3551,0,2.653839999984484,2.640625,11.09864249941893,369,0.0001032624209012477,7.930731546675777e-07,630,3.9353868687209284e-05,1.3760474531498345e-06
T2_TAILS,base_jump|CVAR,1017,base_jump,18b7d496657f05ce5f69d6c6e292345eaf244853da718ef5964b18517a976b50,TIER2,false,plain,none,999,1.1824450374747347e-05,1.2589069077041977e-06,0.002028027872211958,0.16729556387994687,0.19574212078868955,0.010538629939777604,0.30887526565828294,5.599264233450001,0.0028253038395771313,0.01781135987906195,0.026659905895854454,0.00235553104518738,0.0008238544548816467,0.000533684999918823,0.17364858255716217,0.0009206262576425874,0.0,200,0,0.0,197,3,0,1.1803856247770443e-10,3.3585636339612426e-16,0,0,3024,0,2.6616983999847434,2.609375,11.21888550085714,369,3.348158488499687e-05,1.4623780268768846e-06,630,-8.604426955416588e-07,1.141430105375294e-06
T2_TAILS,base_jump|CVAR,1018,base_jump,18b7d496657f05ce5f69d6c6e292345eaf244853da718ef5964b18517a976b50,TIER2,false,plain,none,999,-1.038482735779753e-06,7.550564784687645e-07,-0.0008325203471388836,-0.01897185655426098,0.022823171245617658,-0.001195114627422984,2.050717263474403,36.57788166669772,-0.0003565647354806245,0.013793992626289485,0.032468676440079766,0.0019925397296895755,0.001721961216674572,0.00044450149928018163,0.08329663860645037,-0.00026415614990496765,0.13013013013013014,200,0,0.0,200,0,0,4.1169664899420866e-11,3.1742783342290327e-16,0,0,3067,0,2.459306699980516,2.40625,10.160563500248827,369,-3.6143830490173996e-06,5.0421860083712665e-08,630,4.702588762594401e-07,1.1685011741166893e-06
T2_TAILS,base_jump|CVAR,1019,base_jump,18b7d496657f05ce5f69d6c6e292345eaf244853da718ef5964b18517a976b50,TIER2,false,plain,none,999,4.115846599949379e-05,2.3197556467936746e-06,0.008618198162896416,0.42898126947812976,0.4573896816124428,0.02702327990818843,-0.21578328372538694,6.162743078837954,0.010130652474060753,0.02417805664217052,0.03746495774768165,0.0037285934612366622,0.002306808764442975,0.000844841278777985,0.20766689663805213,0.004235042989483422,0.10510510510510511,200,0,0.0,199,1,0,8.610772143467777e-11,3.3755203162486494e-16,0,0,3373,0,2.6004325000103563,2.578125,10.849695002252702,369,-4.186803334508942e-06,1.3589703173164221e-06,630,6.771783803798111e-05,2.8836437538809143e-06
T2_TAILS,base_jump|CVAR,1020,base_jump,18b7d496657f05ce5f69d6c6e292345eaf244853da718ef5964b18517a976b50,TIER2,false,plain,none,999,9.830126952666726e-06,1.2973131741638877e-07,0.002379115116105225,0.43324841528180097,0.46165561641715624,0.027292084827344788,1.0109040533725853,15.532199711005969,0.002463884686735529,0.005717717375747945,0.006267634445604603,0.0008101216645524035,0.00038153056820175246,0.00015230087279121898,0.04345237439571036,-0.00032028911292594623,0.08008008008008008,200,0,0.0,200,0,0,3.8994573605736205e-12,3.1602800478925383e-16,0,0,3151,0,2.540341600019019,2.484375,10.573552502028178,369,3.67999572667158e-05,2.6926901563622487e-07,630,-5.966487945562016e-06,4.762361055024953e-08
T2_TAILS,base_jump|CVAR,1021,base_jump,18b7d496657f05ce5f69d6c6e292345eaf244853da718ef5964b18517a976b50,TIER2,false,plain,none,999,-1.1865529732559746e-05,5.989781232965638e-07,-0.003442940953817258,-0.2433783384944747,-0.20806051505626558,-0.015331394241820909,-1.7572004115985125,25.521102871823928,-0.003060903474758847,0.012285865336667746,0.03952730839561889,0.002219313444847011,0.0012339133373833627,0.00034277248254024147,0.07098622427969536,-0.0012915156961585802,0.21521521521521522,200,0,0.0,199,1,0,1.0881156508872356e-10,3.6133698609442787e-16,0,0,2551,0,2.547744799987413,2.53125,10.642314999131486,369,5.076635388409431e-07,3.221776325266969e-10,630,-1.9112685791523005e-05,9.500350157219046e-07
T2_TAILS,base_jump|CVAR,1022,base_jump,18b7d496657f05ce5f69d6c6e292345eaf244853da718ef5964b18517a976b50,TIER2,false,plain,none,999,9.068365539138251e-05,2.6408960020048353e-05,0.002887107383471838,0.28012614115181556,0.3213894003938875,0.017646288219425727,-0.012188249901267025,6.791344669723146,0.01971911634987844,0.08157853838511808,0.21765640315427798,0.012318802366910344,0.007956688638200107,0.0033588009495963927,0.6823871377540437,0.004698040999613972,0.0,200,0,0.0,200,0,0,1.0143547390928376e-09,3.014963050997774e-16,0,0,4061,0,2.570177700021304,2.53125,10.713420996326022,369,0.00019504418593695958,1.3009474495988941e-05,630,2.9558201786115934e-05,3.428025879141654e-05
T2_TAILS,base_jump|CVAR,1023,base_jump,18b7d496657f05ce5f69d6c6e292345eaf244853da718ef5964b18517a976b50,TIER2,false,plain,none,999,8.560898614062472e-05,6.678803486145472e-07,0.02106854696388483,1.6629159219161496,1.6921434373031405,0.10475385668094844,0.44545964070206684,7.929073155325527,0.021721047620085532,0.012973274368904171,0.016097902983912536,0.0017113644827812901,0.0007711246919412368,0.0004144382777559203,0.13408870573075002,0.004191563647340398,0.0,200,0,0.0,200,0,0,2.0378307002037627e-11,2.859361501466143e-16,0,0,3679,0,2.6259829999762587,2.609375,10.87549599877093,369,8.956358462114927e-05,6.533714584827119e-07,630,8.32927213163175e-05,6.774161215552033e-07
T2_TAILS,base_jump|CVAR,1024,base_jump,18b7d496657f05ce5f69d6c6e292345eaf244853da718ef5964b18517a976b50,TIER2,false,plain,none,999,8.93523027761002e-05,6.098126056253961e-06,0.017906597001049258,0.5743912575757699,0.6167158584067004,0.03618324816178886,-0.06362371788274797,8.002027057825321,0.02198643404613332,0.03920111945054629,0.06066936638897593,0.0056754657427516,0.0038168514026505292,0.001654516690840544,0.439821889473919,0.003045005350910356,0.0,200,0,0.0,200,0,0,3.806791964988676e-10,3.2008365584918544e-16,0,0,3653,0,2.630324199970346,2.609375,10.974697000638116,369,0.00011182821610224425,7.2703633360053675e-06,630,7.618783925650156e-05,5.421527041389137e-06
T2_TAILS,base_jump|CVAR,1025,base_jump,18b7d496657f05ce5f69d6c6e292345eaf244853da718ef5964b18517a976b50,TIER2,false,plain,none,999,-4.301083817359097e-05,1.1337306141718652e-06,-0.011695831564058855,-0.6412438889365439,-0.6211253922738065,-0.04039456809204804,0.8261015066584287,43.15489438098214,-0.010921525785557828,0.01690266590722629,0.053018409445636544,0.0029130711889363936,0.0011094028487522115,0.0003881239509058592,0.09815173611216134,0.0012580972155962703,0.0,200,0,0.0,199,1,0,2.3502114579989323e-10,3.414594806867227e-16,0,0,3163,0,2.6366107999929227,2.578125,11.045895499992184,369,-6.7302684580558045e-06,1.037480686295396e-07,630,-6.4260886149833e-05,1.7369056769549084e-06
T2_TAILS,base_jump|CVAR,1026,base_jump,18b7d496657f05ce5f69d6c6e292345eaf244853da718ef5964b18517a976b50,TIER2,false,plain,none,999,9.131235767615423e-06,7.190004529963264e-07,0.0017575070709738639,0.17094848045828764,0.19564959767966747,0.01076874205469081,-0.11834969475331211,10.220333560034936,0.0022129978774227954,0.013460613439032942,0.022832832341177053,0.0021071125285425296,0.000906835733917875,0.0003755784846519476,0.10622840170199566,0.0008269146230215263,0.1001001001001001,200,0,0.0,199,1,0,3.982978766970771e-11,2.9978263635039673e-16,0,0,3125,0,2.5902934999903664,2.515625,10.831483003566973,369,1.4020086851993242e-05,8.118395518474721e-07,630,6.267765846765558e-06,6.658052653919147e-07
T2_TAILS,base_jump|CVAR,1027,base_jump,18b7d496657f05ce5f69d6c6e292345eaf244853da718ef5964b18517a976b50,TIER2,false,plain,none,999,-7.263481356770344e-05,4.374560769950854e-06,-0.02161114096114411,-0.551287149962089,-0.525772789516688,-0.0347278261853633,-0.2618580913418986,19.778714457621856,-0.018678931097356744,0.03320224862908558,0.09531848838571404,0.005607186643246229,0.0021393193902250803,0.0007771721967078117,0.17869610478553324,-0.003965650368862935,0.05005005005005005,200,0,0.0,199,1,0,1.3030826140347784e-09,3.0760596763459626e-16,0,0,2735,0,2.6053747999831103,2.578125,10.939777998428326,369,-5.928156515121069e-08,3.035374347198394e-11,630,-0.00011514333945491259,6.9359594347079935e-06
T2_TAILS,base_jump|CVAR,1028,base_jump,18b7d496657f05ce5f69d6c6e292345eaf244853da718ef5964b18517a976b50,TIER2,false,plain,none,999,3.0435332040498306e-05,4.914595675679464e-06,0.003954269343391899,0.21793873082581233,0.25319746266440596,0.013728849590812997,0.5126453021635419,11.636262048110202,0.0070763762901251415,0.035192017706736065,0.07985479360046978,0.004979153439659176,0.002886634094338267,0.00118199997552547,0.32556471920302854,0.0035417116099794683,0.0,200,0,0.0,200,0,0,3.2740171684864094e-10,3.7306366278640534e-16,0,0,3736,0,2.704012700007297,2.65625,11.285642999282572,369,6.6805310301953766e-06,1.186164034529597e-06,630,4.434885834653288e-05,7.103224065318775e-06
T2_TAILS,base_jump|CVAR,1029,base_jump,18b7d496657f05ce5f69d6c6e292345eaf244853da718ef5964b18517a976b50,TIER2,false,plain,none,999,-1.0821999137404252e-06,1.2869753814419755e-08,-0.00028244391214628847,-0.15143373906545649,-0.13463167107515608,-0.009539428896948681,-0.5771356400974197,51.12508505267711,-0.0002742969400235662,0.0018008825506494804,0.002582327325763625,0.000228978680804941,9.815001096096346e-05,2.0758720594626632e-05,0.0037286089924191057,-0.0006118349040752102,0.9009009009009009,200,0,0.0,200,0,0,1.946847511587654e-12,2.4226779451901523e-16,0,0,222,0,2.117377699993085,2.078125,8.610322997847106,369,0.0,0.0,630,-1.71605986321696e-06,2.0418647105836958e-08
T2_TAILS,base_jump|EW,1000,base_jump,bcdcea4e652dbfd995cc33b5e4688dfc0599338a031f537461932ea792a0965b,TIER2,false,none,none,999,0.0006572254720987626,0.00019106565810148797,0.021175181444163277,0.7547851380273052,0.6928570025376406,0.0475469944882812,0.1548849364743384,4.837072534043091,0.15208235446503737,0.2194277690757826,0.2300114208411674,0.02866657588457327,0.008885712150521944,0.0017245819833592777,0.9996635067936169,0.9996635067936169,0.0,200,0,0.0,0,0,0,0.0,5.483889878211402e-16,0,0,5831,0,0.2812968000071123,0.28125,0.0,369,0.0009343138711788142,0.0002687789412223685,630,0.0004949308383518753,0.00014583140131187508
T2_TAILS,base_jump|EW,1001,base_jump,bcdcea4e652dbfd995cc33b5e4688dfc0599338a031f537461932ea792a0965b,TIER2,false,none,none,999,4.5114702877859386e-05,0.0001819607820086092,-0.12619344607328797,0.05309204753536107,-0.009961302462555409,0.0033444846279472645,0.09492265512978082,4.348766340896916,-0.01145669893106327,0.21413574448505676,0.43578977810243086,0.028812119019120175,0.00840635720041256,0.001511545014920752,0.9997642201227479,0.9997642201227479,0.0,200,0,0.0,0,0,0,0.0,6.856915624663652e-16,0,0,5790,0,0.2805540999979712,0.28125,0.0,369,0.0003068726551337798,0.0001458312554301873,630,-0.00010820066915775117,0.0002033241129729213
T2_TAILS,base_jump|EW,1002,base_jump,bcdcea4e652dbfd995cc33b5e4688dfc0599338a031f537461932ea792a0965b,TIER2,false,none,none,999,0.0001272174340747921,0.00021521570065490401,-0.13064427630825984,0.13766068508129917,0.07918685166605764,0.008671808048473737,0.006552942150888991,4.935141649851467,0.004973303129138129,0.23288270988855272,0.5069697901310488,0.031521080080137986,0.008342144629235998,0.0014656623072916452,0.9996247105725963,0.9996247105725963,0.0,200,0,0.0,0,0,0,0.0,6.624577060729541e-16,0,0,5702,0,0.27705299999797717,0.28125,0.0,369,0.0010219826791379456,0.00020673232736946565,630,-0.00039685935231934075,0.00021977633706377606
T2_TAILS,base_jump|EW,1003,base_jump,bcdcea4e652dbfd995cc33b5e4688dfc0599338a031f537461932ea792a0965b,TIER2,false,none,none,999,0.00047879484694971977,0.0002336600185126975,-0.05599067256426993,0.4972302416471403,0.4423828880562145,0.03132256104140201,0.46833159828187504,5.800516962296186,0.09566832363020539,0.2426568042837451,0.33698550801750077,0.031742669315503666,0.008752585940359556,0.0014715894880875803,0.9997597019151458,0.9997597019151458,0.0,200,0,0.0,0,0,0,0.0,6.304270570912471e-16,0,0,5508,0,0.2661460999515839,0.265625,0.0,369,0.0008971016196421088,0.0002467776968467905,630,0.0002337865943727491,0.00022619414930563777
T2_TAILS,base_jump|EW,1004,base_jump,bcdcea4e652dbfd995cc33b5e4688dfc0599338a031f537461932ea792a0965b,TIER2,false,none,none,999,-0.00044125945126761605,0.00023812702299891078,-0.2912214111066158,-0.45393111179233603,-0.5082990577197116,-0.02859497224184715,-0.14946331583235625,4.33499976464744,-0.13175735687774204,0.24496532365974885,0.5228029360774561,0.03598647340974039,0.009833226418644847,0.001891119117286863,0.9996809333011721,0.9996809333011721,0.0,200,0,0.0,0,0,0,0.0,7.023153836176066e-16,0,0,5599,0,0.2702832999639213,0.25,0.0,369,-0.00016269437763512986,0.00031778451302661445,630,-0.0006044189943952151,0.00019182935303580886
T2_TAILS,base_jump|EW,1005,base_jump,bcdcea4e652dbfd995cc33b5e4688dfc0599338a031f537461932ea792a0965b,TIER2,false,none,none,999,0.0005357006149120858,0.0001478665175292797,0.02320946770571017,0.6993385889223763,0.628440892368908,0.044054190202843756,0.10153703531699894,3.438602402241312,0.12342088204283219,0.19303461455754117,0.21882034478794876,0.024909115847258724,0.007816327118647822,0.001206449227316869,0.9997079226572174,0.9997079226572174,0.0,200,0,0.0,0,0,0,0.0,5.272459827272819e-16,0,0,5496,0,0.27381009998498484,0.234375,0.0,369,0.0009925309695939808,0.000146250402702444,630,0.0002681285500269759,0.00014885297852696125
T2_TAILS,base_jump|EW,1006,base_jump,bcdcea4e652dbfd995cc33b5e4688dfc0599338a031f537461932ea792a0965b,TIER2,false,none,none,999,0.00046023499469418765,0.00018540566538781687,-0.024187464370254253,0.5365601415867006,0.47388004849896065,0.03380011185876227,-0.13319150080979603,3.9662550394605454,0.09702224087230693,0.21615325044451644,0.33619195778560096,0.029358148838695516,0.0089418671234501,0.001600236873578305,0.999773630686974,0.999773630686974,0.0,200,0,0.0,0,0,0,0.0,5.716512606014728e-16,0,0,5899,0,0.29704839998157695,0.28125,0.0,369,0.0007180166460734216,0.00015475303216259362,630,0.00030924859888635064,0.00020357210750442304
T2_TAILS,base_jump|EW,1007,base_jump,bcdcea4e652dbfd995cc33b5e4688dfc0599338a031f537461932ea792a0965b,TIER2,false,none,none,999,0.00045040145756333646,0.0002626215688496199,-0.08504073874435185,0.4411993480055409,0.38916445750706696,0.027792946510154817,0.09817481194602852,4.284710980000603,0.0837906242335944,0.2572559724284437,0.31795923245846425,0.03508319038756075,0.009841798030237207,0.0018940327920808867,0.9997745368484315,0.9997745368484315,0.0,200,0,0.0,0,0,0,0.0,6.44962235861484e-16,0,0,5933,0,0.29237159999320284,0.28125,0.0,369,0.0002607956001818045,0.0001924268537671902,630,0.0005614563168868052,0.00030407346252850245
T2_TAILS,base_jump|EW,1008,base_jump,bcdcea4e652dbfd995cc33b5e4688dfc0599338a031f537461932ea792a0965b,TIER2,false,none,none,999,0.0002460684939483143,0.0001661994016451822,-0.06363748716878256,0.3029992500776228,0.23622278226421198,0.019087158646296624,0.20295582131262388,4.771895315301278,0.041977176723207554,0.20465153118065332,0.2979764473208583,0.026010523205909228,0.008428554543456385,0.0014350672347227234,0.9997834585474602,0.9997834585474602,0.0,200,0,0.0,0,0,0,0.0,5.395633218003583e-16,0,0,5933,0,0.30106420000083745,0.28125,0.0,369,0.0011466418057570168,0.00018925551806389486,630,-0.0002814101601110686,0.0001522200541004488
T2_TAILS,base_jump|EW,1009,base_jump,bcdcea4e652dbfd995cc33b5e4688dfc0599338a031f537461932ea792a0965b,TIER2,false,none,none,999,0.0003276140454566655,0.00019999532509048498,-0.06863772631332693,0.36775015197997574,0.3061775735084242,0.023166082065362456,-0.2466732110187337,5.198949628600183,0.05899016034305915,0.22449681940464594,0.3330928349834624,0.031568716906412844,0.008137946166584295,0.00126718221184799,0.9997018259089974,0.9997018259089974,0.0,200,0,0.0,0,0,0,0.0,6.7266560090419705e-16,0,0,5757,0,0.2931114000384696,0.296875,0.0,369,0.0005662282901629497,0.00017153492708861615,630,0.00018785427355727047,0.0002169112336215478
T2_TAILS,base_jump|EW,1010,base_jump,bcdcea4e652dbfd995cc33b5e4688dfc0599338a031f537461932ea792a0965b,TIER2,false,none,none,999,-0.0005041933067213626,0.0002036363734781543,-0.281005811643268,-0.5608796322228911,-0.6212819537129314,-0.035332095769122364,-0.07345502795984488,4.475862724992599,-0.141678708150331,0.22653115926179973,0.5630797097585573,0.0329950471317193,0.009454811412045799,0.0016103573459742033,0.9997771159644707,0.9997771159644707,0.0,200,0,0.0,0,0,0,0.0,6.188593191302006e-16,0,0,5917,0,0.2807108000270091,0.28125,0.0,369,-0.001341717223460785,0.00021999106853599624,630,-1.3643584059701e-05,0.00019373919114784962
T2_TAILS,base_jump|EW,1011,base_jump,bcdcea4e652dbfd995cc33b5e4688dfc0599338a031f537461932ea792a0965b,TIER2,false,none,none,999,0.0004844267152710153,0.00019248812997760896,-0.023445494014776518,0.5542763895750754,0.492732695407491,0.034916130581200085,0.15915333538350615,4.390735075585161,0.10281468065865362,0.22024306743767771,0.2457964943907762,0.029507001787013144,0.008900620694057193,0.0015864700512084808,0.9997521963282199,0.9997521963282199,0.0,200,0,0.0,0,0,0,0.0,5.7684328987204e-16,0,0,5837,0,0.27199959999416023,0.25,0.0,369,0.0006382360369195016,0.00020763164164600898,630,0.00039433839830547334,0.0001839123482121215
T2_TAILS,base_jump|EW,1012,base_jump,bcdcea4e652dbfd995cc33b5e4688dfc0599338a031f537461932ea792a0965b,TIER2,false,none,none,999,0.00046187434708419594,0.00021005271509876348,-0.04240751714944781,0.5058945053442863,0.4469051535386514,0.03186835835178614,-0.033843120609142824,4.232483432381689,0.09409699501011737,0.23007234558913942,0.3757455771034544,0.031805147186602094,0.00828858317318034,0.0013793090005018015,0.9997414807247809,0.9997414807247809,0.0,200,0,0.0,0,0,0,0.0,4.832462849623282e-16,0,0,5904,0,0.30361960001755506,0.3125,0.0,369,-0.00044930365968109894,0.0002642172958904944,630,0.0009955643224752971,0.00017792503100067487
T2_TAILS,base_jump|EW,1013,base_jump,bcdcea4e652dbfd995cc33b5e4688dfc0599338a031f537461932ea792a0965b,TIER2,false,none,none,999,0.0001933277818998368,0.00021008391900738125,-0.11010484173082134,0.21173767180074704,0.15217487143104402,0.013338219589728344,0.017188741792495247,4.9135195177513555,0.022520576669073256,0.23008943389443176,0.38861016922616076,0.03217147189877452,0.008557724713153839,0.0012952637309755991,0.9995569934436855,0.9995569934436855,0.0,200,0,0.0,0,0,0,0.0,6.83629116952273e-16,0,0,5710,0,0.2933578999945894,0.296875,0.0,369,0.000317142771917291,0.00016518535536998773,630,0.00012080757346104217,0.00023667181285121774
T2_TAILS,base_jump|EW,1014,base_jump,bcdcea4e652dbfd995cc33b5e4688dfc0599338a031f537461932ea792a0965b,TIER2,false,none,none,999,-0.0007110019223613891,0.0002648939991929516,-0.3794323478249415,-0.6934816683218739,-0.7454493171181865,-0.043685238884806125,-0.09545407304146826,5.030020145711272,-0.19158832738796983,0.25836657639219474,0.5722324544295727,0.03893588159110686,0.008869055164389582,0.0017291249107586905,0.9995584611972786,0.9995584611972786,0.0,200,0,0.0,0,0,0,0.0,5.738757124236e-16,0,0,5389,0,0.2797599000041373,0.28125,0.0,369,-0.0018744883382444063,0.0002789153758159403,630,-2.9531307344193406e-05,0.0002558525659343516
T2_TAILS,base_jump|EW,1015,base_jump,bcdcea4e652dbfd995cc33b5e4688dfc0599338a031f537461932ea792a0965b,TIER2,false,none,none,999,0.00012203890763316848,0.00018665988014973463,-0.11036106466964093,0.14179897472512942,0.07888092665308681,0.008932495792538712,-0.08294579685345291,5.059092212559158,0.007259439568430892,0.2168831247417215,0.3614863729821045,0.03086549404006929,0.008921572402906162,0.0015390318506075737,0.9994703678021674,0.9994703678021674,0.0,200,0,0.0,0,0,0,0.0,5.70619232508241e-16,0,0,5648,0,0.2867971999803558,0.296875,0.0,369,0.0005337045626786532,0.0002390646948200989,630,-0.00011907954746490117,0.0001561392555946964
T2_TAILS,base_jump|EW,1016,base_jump,bcdcea4e652dbfd995cc33b5e4688dfc0599338a031f537461932ea792a0965b,TIER2,false,none,none,999,0.0011250786009833254,0.00019930310017619976,0.132846663714591,1.2651036471146293,1.2062988470858074,0.07969403888062203,0.2642303875090032,4.743202447725752,0.29483108518605294,0.22410796782890682,0.22419687957823098,0.02771667984686172,0.008728750451632562,0.0017139620419265316,0.9997403970901341,0.9997403970901341,0.0,200,0,0.0,0,0,0,0.0,6.066381033121025e-16,0,0,5528,0,0.304009799961932,0.296875,0.0,369,0.0018360728078118454,0.000193737673477356,630,0.0007086391369837636,0.00020240578724297026
T2_TAILS,base_jump|EW,1017,base_jump,bcdcea4e652dbfd995cc33b5e4688dfc0599338a031f537461932ea792a0965b,TIER2,false,none,none,999,5.679377178012144e-05,0.0001711472406109488,-0.1150752834132867,0.06891536038920523,0.0022672123939615017,0.004341259645291155,-0.16346223692190964,3.5639784344633965,-0.007239872010082027,0.20767547913501752,0.3009077684411183,0.028594478037355354,0.007842821876955054,0.0012543658848875264,0.9995481551336627,0.9995481551336627,0.0,200,0,0.0,0,0,0,0.0,6.131318339534763e-16,0,0,5203,0,0.29081949999090284,0.265625,0.0,369,8.26963347843049e-05,0.00019090175103644513,630,4.162227059195684e-05,0.00015986122283073202
T2_TAILS,base_jump|EW,1018,base_jump,bcdcea4e652dbfd995cc33b5e4688dfc0599338a031f537461932ea792a0965b,TIER2,false,none,none,999,0.0001330366256842814,0.00022381601509725065,-0.13567967774108258,0.14116463573589633,0.083166184622413,0.00889253619224293,-0.003677289033851039,5.142094794412221,0.005354948108109658,0.23749028570555714,0.398762164789016,0.033954341081044837,0.00894528640200181,0.0014663698754772598,0.9996500930615688,0.9996500930615688,0.0,200,0,0.0,0,0,0,0.0,5.432225670244982e-16,0,0,5835,0,0.2828684999840334,0.28125,0.0,369,-0.00018096136601402211,0.00021431711658513665,630,0.00031694973510757346,0.00022963750964239584
T2_TAILS,base_jump|EW,1019,base_jump,bcdcea4e652dbfd995cc33b5e4688dfc0599338a031f537461932ea792a0965b,TIER2,false,none,none,999,-0.0005608993413065188,0.0002477140597270735,-0.32861846316291027,-0.5657308629287794,-0.6192327856895645,-0.03563769457865524,-0.04120699214625492,4.473124672113756,-0.15855348647468248,0.2498478397969903,0.544591786281636,0.036802318509405435,0.00979487917191838,0.0019242328622565122,0.9995706261478091,0.9995706261478091,0.0,200,0,0.0,0,0,0,0.0,5.087104614724814e-16,0,0,5596,0,0.28237780003109947,0.28125,0.0,369,-0.00031541972691354053,0.00022126981201758385,630,-0.0007046802583081203,0.00026352318091632743
T2_TAILS,base_jump|EW,1020,base_jump,bcdcea4e652dbfd995cc33b5e4688dfc0599338a031f537461932ea792a0965b,TIER2,false,none,none,999,-0.00015639128517509637,0.00018941201288814842,-0.1826060856075645,-0.1803885880619285,-0.243365731718317,-0.011363412937284231,-0.2767911038488838,5.633072129968704,-0.06137255694468491,0.21847614800662657,0.44459933495893544,0.03144991996938683,0.008570286155027584,0.0013462624269082065,0.9996539747082718,0.9996539747082718,0.0,200,0,0.0,0,0,0,0.0,5.831858893537809e-16,0,0,5786,0,0.2776383000309579,0.28125,0.0,369,-0.00026636323349823007,0.0002500110018266364,630,-9.197914401440382e-05,0.00015424811406206592
T2_TAILS,base_jump|EW,1021,base_jump,bcdcea4e652dbfd995cc33b5e4688dfc0599338a031f537461932ea792a0965b,TIER2,false,none,none,999,0.00021821741499114674,0.00015129489633072024,-0.059388153048255524,0.2816291070297355,0.21131899466999096,0.017740966170425535,-0.19110662322106797,5.032292581722274,0.03656449065136669,0.19525960635866677,0.3435885039718759,0.026685743874238114,0.00850684733222582,0.0014838131312767872,0.9995534754592696,0.9995534754592696,0.0,200,0,0.0,0,0,0,0.0,6.317385785252744e-16,0,0,5510,0,0.2724538999609649,0.265625,0.0,369,0.0007510452681854486,0.00017833174007938961,630,-9.386747045123003e-05,0.00013545326702200044
T2_TAILS,base_jump|EW,1022,base_jump,bcdcea4e652dbfd995cc33b5e4688dfc0599338a031f537461932ea792a0965b,TIER2,false,none,none,999,0.0006111638554070228,0.00021741479923118487,-0.010352296656205998,0.6579810422290184,0.6016380352749977,0.0414489096460255,-0.06303790172300544,4.262867737285873,0.13496657864013129,0.2340694969581867,0.2407563070131337,0.03274775180190052,0.009745261776030545,0.002016610096673313,0.9996205262890374,0.9996205262890374,0.0,200,0,0.0,0,0,0,0.0,7.120560893054275e-16,0,0,5414,0,0.2661958999815397,0.28125,0.0,369,0.0004001993178776777,0.00020164437266703269,630,0.0007347287988170679,0.00022694562597445832
T2_TAILS,base_jump|EW,1023,base_jump,bcdcea4e652dbfd995cc33b5e4688dfc0599338a031f537461932ea792a0965b,TIER2,false,none,none,999,0.0004792519101554507,0.00018178066302374624,-0.016654699886778576,0.5642743138610018,0.5005349399461526,0.0355459406118528,-0.17396087437806318,4.844035366747328,0.10278317361097544,0.21402973410716572,0.2456352128044864,0.029263776420482123,0.008204937282906439,0.0012893831026734885,0.9997402531757865,0.9997402531757865,0.0,200,0,0.0,0,0,0,0.0,7.139958723484046e-16,0,0,5938,0,0.28738049999810755,0.28125,0.0,369,0.0006923155617235151,0.00018824199644598696,630,0.0003544574856655844,0.00017824719306669978
T2_TAILS,base_jump|EW,1024,base_jump,bcdcea4e652dbfd995cc33b5e4688dfc0599338a031f537461932ea792a0965b,TIER2,false,none,none,999,0.0006099224079060434,0.00021659678676835825,-0.010046724004555899,0.6578832887563603,0.5987932748158082,0.04144275175606249,0.010919959737343176,4.645001902339751,0.13474977851094616,0.23362874451921853,0.36659725275800903,0.030717796182469788,0.008290943518836769,0.00130187060983704,0.9996371334118692,0.9996371334118692,0.0,200,0,0.0,0,0,0,0.0,5.840466597427005e-16,0,0,5505,0,0.2707675999845378,0.28125,0.0,369,0.0004717508813148488,0.0002666000430067832,630,0.0006908514449094573,0.0001876686907183237
T2_TAILS,base_jump|EW,1025,base_jump,bcdcea4e652dbfd995cc33b5e4688dfc0599338a031f537461932ea792a0965b,TIER2,false,none,none,999,-0.00018048626562409013,0.00019821504628330565,-0.1953331139274498,-0.2035054856594656,-0.26445328879904983,-0.012819640606961127,-0.1311436078589754,4.679566818004098,-0.06806116402723428,0.2234953951726814,0.528368254170278,0.031580364787263,0.008938373753137677,0.0015489577100285482,0.9996038880014545,0.9996038880014545,0.0,200,0,0.0,0,0,0,0.0,5.382179172048587e-16,0,0,5363,0,0.26815080002415925,0.265625,0.0,369,0.0009943086714269684,0.00021741218148227525,630,-0.0008685804430397102,0.0001860149001891501
T2_TAILS,base_jump|EW,1026,base_jump,bcdcea4e652dbfd995cc33b5e4688dfc0599338a031f537461932ea792a0965b,TIER2,false,none,none,999,3.933586280625079e-05,0.00023106113140141182,-0.16476957791229213,0.041079533508535784,-0.016361261830359453,0.0025877673723364364,-0.0923783852405688,5.021957549779544,-0.019030543718064008,0.241303553875934,0.3605016183136691,0.03507869558909633,0.008964387976767118,0.0013861590655267746,0.9996731642877205,0.9996731642877205,0.0,200,0,0.0,0,0,0,0.0,6.787364978020854e-16,0,0,5596,0,0.2771143999998458,0.28125,0.0,369,-0.00022551978360348576,0.0002563109326634277,630,0.00019446559856052507,0.0002165906836550294
T2_TAILS,base_jump|EW,1027,base_jump,bcdcea4e652dbfd995cc33b5e4688dfc0599338a031f537461932ea792a0965b,TIER2,false,none,none,999,0.00025001384501497747,0.00019932182069784865,-0.08768380750379925,0.2811168688316334,0.22266536799103212,0.01770869819699206,0.077375006462996,5.281444210722478,0.03865213095767883,0.22411849280203958,0.3434302955574187,0.030543079976360202,0.00879576385554993,0.0016483838238846346,0.9996233622240056,0.9996233622240056,0.0,200,0,0.0,0,0,0,0.0,6.830827291885108e-16,0,0,5541,1,0.27522519999183714,0.28125,0.0,369,0.00027657555518322273,0.0001662666176975006,630,0.0002344562719164338,0.00021897718429453246
T2_TAILS,base_jump|EW,1028,base_jump,bcdcea4e652dbfd995cc33b5e4688dfc0599338a031f537461932ea792a0965b,TIER2,false,none,none,999,0.0010305451806043348,0.00021011547827714597,0.10085008393477,1.1285954211690512,1.0703310227348453,0.07109482893379789,0.01109266865046686,4.832802195852366,0.2625829143028924,0.2301067155166072,0.2166188947572856,0.0319706154313678,0.008992425792550196,0.0014047272144753187,0.9997502017090055,0.9997502017090055,0.0,200,0,0.0,0,0,0,0.0,6.96628939025919e-16,0,0,5983,0,0.2905091000138782,0.28125,0.0,369,0.0010475740394370115,0.0001489997535173101,630,0.001020571134716624,0.0002462053550865641
T2_TAILS,base_jump|EW,1029,base_jump,bcdcea4e652dbfd995cc33b5e4688dfc0599338a031f537461932ea792a0965b,TIER2,false,none,none,999,0.0017253574128197435,0.00023306366152212908,0.25859393991984575,1.7940810621896703,1.7404775461269275,0.11301648386772556,0.36072137041615926,4.654461135485644,0.4997093702518214,0.24234694696566023,0.23133355971917816,0.030359368389021365,0.008715927013082202,0.0016690268905431463,0.999805405832586,0.999805405832586,0.0,200,0,0.0,0,0,0,0.0,6.598474701088458e-16,0,0,5854,0,0.28320859995437786,0.265625,0.0,369,0.0016393766503595927,0.00021829140652222868,630,0.0017757175736892602,0.00024206990607930135
T2_TAILS,base_jump|MV,1000,base_jump,4e1e63e3454c863e363e1d620a6841c161eab433ef216376cd2df01f2f0be5bb,TIER2,false,plain,ewma,999,5.4255169500818724e-05,7.198107884424217e-06,0.008230533153581611,0.3210200952341926,0.5957814820506556,0.020222365186760592,0.7913344228292445,21.91122591114958,0.012849035288891919,0.04259017711720512,0.05998114713874475,0.0063303282989120024,0.03960192829164089,0.011645424343718838,0.3442765612146086,0.0015373512016071237,0.0,200,0,0.0,200,0,0,3.2222395074816807e-13,3.173014522276514e-16,0,0,5088,0,0.9860934999887832,0.984375,2.935357999522239,369,0.0001603648777408517,1.6248355369248996e-05,630,-7.894802468343451e-06,1.9041792879083571e-06
T2_TAILS,base_jump|MV,1001,base_jump,4e1e63e3454c863e363e1d620a6841c161eab433ef216376cd2df01f2f0be5bb,TIER2,false,plain,ewma,999,-3.457485825443353e-05,3.861321297056846e-06,-0.011632023180692225,-0.27931400271345386,-0.012441603751186046,-0.017595128306614742,-0.21096798870767036,23.05621373911433,-0.009157060329433642,0.031193796929170473,0.07076813867883994,0.005053903196215319,0.030024378035099716,0.008087833768284175,0.2783847226729621,0.00175895339095038,0.0,200,0,0.0,200,0,0,1.5245390566741118e-13,3.2210705864285796e-16,0,0,4993,0,1.0012802999699488,1.015625,3.0174894994706847,369,1.9212243065189183e-05,5.652464285641068e-07,630,-6.607873188449826e-05,5.793156059157843e-06
T2_TAILS,base_jump|MV,1002,base_jump,4e1e63e3454c863e363e1d620a6841c161eab433ef216376cd2df01f2f0be5bb,TIER2,false,plain,ewma,999,-0.00014737795876085992,4.9196737664389185e-06,-0.04085851897516452,-1.0547867243775497,-0.7349185674927363,-0.06644531806941494,-0.09679441222182233,7.299652874593184,-0.03705744716489623,0.03521019439228656,0.15829217549594501,0.0058342811109428246,0.04302486370399678,0.010884876495446331,0.42081274224825516,0.0026219391471217412,0.0,200,0,0.0,200,0,0,1.7016452714893958e-12,4.12236170044636e-16,0,0,5046,0,0.9629202000214718,0.953125,2.8823409960023127,369,-0.00013699029207524314,7.22417620722483e-06,630,-0.00015346216353386404,3.579132650487704e-06
T2_TAILS,base_jump|MV,1003,base_jump,4e1e63e3454c863e363e1d620a6841c161eab433ef216376cd2df01f2f0be5bb,TIER2,false,plain,ewma,999,-0.00015037266997424575,1.1710786588733153e-05,-0.046747267494592196,-0.6975512929620757,-0.3529587479918817,-0.04394160114021934,-0.3363556287543306,6.938595266443921,-0.038607455990266604,0.05432419553348908,0.15479993558173702,0.008732056969199821,0.07155402600470627,0.019827530603237303,0.5718626626203448,-8.474225987819594e-05,0.0,200,0,0.0,199,1,0,2.7618774608295238e-12,3.6673222168113565e-16,0,0,5106,0,0.9497149999951944,0.953125,2.8594825009349734,369,-0.00027584922608182817,1.6325715572755452e-05,630,-7.687925853980463e-05,9.014768213542854e-06
T2_TAILS,base_jump|MV,1004,base_jump,4e1e63e3454c863e363e1d620a6841c161eab433ef216376cd2df01f2f0be5bb,TIER2,false,plain,ewma,999,7.185010533994152e-05,9.228367794834463e-06,0.01112958049277041,0.37546134547657506,0.806390200362503,0.02365184159639818,-0.1789260402117106,5.770090293418223,0.01708803936050929,0.048223943060457894,0.10167285982787445,0.00710140806688651,0.06443908374947512,0.02024990952445686,0.505156131252466,-0.0014974837623287474,0.0,200,0,0.0,200,0,0,3.2642704165640252e-12,2.7640127748241987e-16,0,0,5354,0,0.9779214999871328,0.984375,2.9398290006793104,369,0.00026202872223257857,7.987788661685925e-06,630,-3.95402274114602e-05,9.935201838451382e-06
T2_TAILS,base_jump|MV,1005,base_jump,4e1e63e3454c863e363e1d620a6841c161eab433ef216376cd2df01f2f0be5bb,TIER2,false,plain,ewma,999,-2.1620962376370038e-05,3.196015728798924e-06,-0.007864670409817236,-0.19198656460717112,0.031221549609946782,-0.012094016786100231,0.3180260966583428,10.34026337633348,-0.005833625834920753,0.028379499002930422,0.060290563803471996,0.004506845587042283,0.0320667585880949,0.006598310446321576,0.32552565361180325,-0.002183870680146677,0.0,200,0,0.0,200,0,0,3.197975412281128e-13,3.4380676098660215e-16,0,0,4766,0,0.9522840999998152,0.953125,2.846219500643201,369,-2.3204242903174032e-05,2.5465290380782576e-06,630,-2.0693612353527697e-05,3.5810803569817974e-06
T2_TAILS,base_jump|MV,1006,base_jump,4e1e63e3454c863e363e1d620a6841c161eab433ef216376cd2df01f2f0be5bb,TIER2,false,plain,ewma,999,5.866769636101991e-05,3.938998418234848e-06,0.011806376678791471,0.4692522922456915,0.7241875722132238,0.02956011589116911,0.3021909905245215,8.032490569797785,0.014390822353215649,0.031505993102823815,0.04541085408563797,0.004709257385997232,0.035748041388404685,0.00826279060236591,0.33537736240322025,0.0021808674811126328,0.0,200,0,0.0,200,0,0,8.16116720491097e-13,2.9079959595295436e-16,0,0,5244,0,0.9925910999882035,1.0,2.9292845021700487,369,-2.6255858293526304e-05,4.019010536525277e-06,630,0.00010840863551582555,3.891740207900731e-06
T2_TAILS,base_jump|MV,1007,base_jump,4e1e63e3454c863e363e1d620a6841c161eab433ef216376cd2df01f2f0be5bb,TIER2,false,plain,ewma,999,0.00010950607712246708,7.471348379965716e-06,0.02194719205960762,0.6359734682424816,1.0218746171464796,0.04006256279535334,-0.5107991651034324,13.69985303814224,0.027011219897758343,0.043391010494702245,0.05983920634211739,0.006354768685158627,0.053057669942143844,0.01641719533251163,0.42827258249736,-0.0018683831243046475,0.0,200,0,0.0,200,0,0,2.8109715377352797e-12,3.49973018560316e-16,0,0,5355,0,0.9981076999683864,1.0,2.9780504998052493,369,0.00016444217054509185,5.271453793056597e-06,630,7.732922240350114e-05,8.767479784316005e-06
T2_TAILS,base_jump|MV,1008,base_jump,4e1e63e3454c863e363e1d620a6841c161eab433ef216376cd2df01f2f0be5bb,TIER2,false,plain,ewma,999,0.00016236820232752605,1.2178106692928888e-05,0.031710138326682326,0.7386035070905816,1.070402321310251,0.046527647553376454,0.24195669302844042,20.63152631481072,0.040167467267717694,0.0553974989202408,0.06615170792591338,0.007533075314253126,0.06114639804797452,0.018379115887327577,0.5299652222512219,0.0005431089426512966,0.0,200,0,0.0,199,1,0,2.5491283485674386e-12,3.466902437966949e-16,0,0,5447,0,1.0044101999956183,1.0,2.936506501864642,369,0.0004011428001678691,2.4558508467116364e-05,630,2.251450930675367e-05,4.901207071297289e-06
T2_TAILS,base_jump|MV,1009,base_jump,4e1e63e3454c863e363e1d620a6841c161eab433ef216376cd2df01f2f0be5bb,TIER2,false,plain,ewma,999,0.00015308081198696813,1.7974665263158002e-05,0.024987517681768517,0.5731794638367771,1.1369755971327489,0.03610691233146314,0.24420787564636584,5.822505621504985,0.03698037734475079,0.06730241931993096,0.09660936712151293,0.009411428709862108,0.1301221468926929,0.038216813720657675,0.8615769019631068,2.5288142052911384e-06,0.0,200,0,0.0,200,0,0,1.4731071806728128e-11,3.3496679929063535e-16,0,0,5378,0,0.9806023000273854,0.96875,2.864895498205442,369,0.000182288245471679,1.0121889677486532e-05,630,0.00013597360094592319,2.259675893997739e-05
T2_TAILS,base_jump|MV,1010,base_jump,4e1e63e3454c863e363e1d620a6841c161eab433ef216376cd2df01f2f0be5bb,TIER2,false,plain,ewma,999,-2.319708999930469e-05,3.140497863970238e-06,-0.008219883064986281,-0.2077947288984308,0.061473294159695095,-0.01308983753369844,1.386124372463646,20.78707350912669,-0.006220994130838986,0.02813192957691491,0.0904589103125186,0.0042691658901290366,0.02752874635297156,0.007116438153895035,0.27939552951859664,-0.0026020602137947243,0.0,200,0,0.0,200,0,0,1.1029875974819931e-12,3.2430790429530707e-16,0,0,5176,0,0.9897922999807633,0.984375,2.936296998814214,369,-6.7973440406434e-05,7.528524399369872e-06,630,3.0290580962996243e-06,5.763859338448712e-07
T2_TAILS,base_jump|MV,1011,base_jump,4e1e63e3454c863e363e1d620a6841c161eab433ef216376cd2df01f2f0be5bb,TIER2,false,plain,ewma,999,5.563825503630305e-06,8.633014346001871e-07,0.0007494281423570954,0.09505884649685355,0.2796823654860655,0.0059881444701747125,0.9554067504174266,17.660949806344824,0.0012943145955719437,0.014749642759038171,0.05320305588986988,0.0022123814588044534,0.012916010099451727,0.002672524050695617,0.14871259026413494,0.00037392542250824014,0.0,200,0,0.0,200,0,0,9.663227944676131e-14,2.7838058400981917e-16,0,0,4926,0,0.9828168000094593,0.984375,2.9380395021871664,369,2.1521225185629657e-05,1.038256985471865e-06,630,-3.7826514529693164e-06,7.620783223440282e-07
T2_TAILS,base_jump|MV,1012,base_jump,4e1e63e3454c863e363e1d620a6841c161eab433ef216376cd2df01f2f0be5bb,TIER2,false,plain,ewma,999,-0.0001747300901189796,5.5371868623046245e-06,-0.04821809597788516,-1.1787545480011723,-0.9151515521450885,-0.07425455692374881,-1.159216449180183,11.41818032877803,-0.04374852414486308,0.03735466623195508,0.19524092617639513,0.006934071491967803,0.04009764994818086,0.00970682826151313,0.39064292192479383,0.003626897289673169,0.0,200,0,0.0,200,0,0,9.221246876852048e-13,3.4522111886890605e-16,0,0,5213,0,0.9731092999572866,0.9375,2.8893350026919506,369,-0.00040624346338091034,1.0792609675094866e-05,630,-3.9129400065563045e-05,2.421415180202486e-06
T2_TAILS,base_jump|MV,1013,base_jump,4e1e63e3454c863e363e1d620a6841c161eab433ef216376cd2df01f2f0be5bb,TIER2,false,plain,ewma,999,-4.313530929445164e-05,3.5712973527395937e-06,-0.013569998740872946,-0.36234325460349276,-0.1456598972628219,-0.02282547954577623,-1.7116267881248834,20.730899607430555,-0.011257049862997248,0.02999944887644401,0.09497702339973593,0.005055278435468795,0.02589476112981154,0.006571422447549813,0.270874282166898,-0.003951257697310199,0.0,200,0,0.0,200,0,0,1.2311244101853972e-12,3.367963504611481e-16,0,0,4961,0,0.9541116000036709,0.953125,2.8625939969788305,369,7.29054901069258e-05,1.0888852243724864e-06,630,-0.00011110206322954414,5.016798038032041e-06
T2_TAILS,base_jump|MV,1014,base_jump,4e1e63e3454c863e363e1d620a6841c161eab433ef216376cd2df01f2f0be5bb,TIER2,false,plain,ewma,999,0.00017212605749369645,9.276633048600811e-06,0.03636263190366929,0.8971224049146159,1.3725570216038248,0.056513399499720555,0.3460698448075403,7.316316332772994,0.04310884715305252,0.048349886538102696,0.06378030334109196,0.006921121447743015,0.0581896047519937,0.02389250044883031,0.5365635712735901,0.0036298246356041754,0.0,200,0,0.0,199,1,0,1.278194248957458e-12,2.9028687910507596e-16,0,0,5093,3,0.9863271999638528,0.96875,2.9732559993863106,369,0.00028121407315470555,1.2386497734099233e-05,630,0.00010823164832081968,7.460867205343243e-06
T2_TAILS,base_jump|MV,1015,base_jump,4e1e63e3454c863e363e1d620a6841c161eab433ef216376cd2df01f2f0be5bb,TIER2,false,plain,ewma,999,8.586490614892395e-06,4.922454789564337e-06,-0.001557580185957755,0.061436307003505955,0.3337374340382321,0.003870123566702204,0.11191757396350559,12.439636851368117,0.0015454650817510185,0.035220144902742986,0.07738139407727819,0.005282256148287543,0.03848784822044226,0.010068444865674523,0.34189602779661815,-0.0030528040639144845,0.0,200,0,0.0,200,0,0,1.0233950049663413e-12,3.597740149185265e-16,0,0,5077,0,0.9914034999674186,0.984375,2.95703950105235,369,9.696384335473704e-05,9.81149092798303e-06,630,-4.317738741844518e-05,2.062656659354256e-06
T2_TAILS,base_jump|MV,1016,base_jump,4e1e63e3454c863e363e1d620a6841c161eab433ef216376cd2df01f2f0be5bb,TIER2,false,plain,ewma,999,-7.879443241672353e-05,7.110536496000685e-06,-0.025231762559990847,-0.4690775163058919,-0.1753490926889433,-0.029549106041838937,-0.314011373855727,8.491620151785815,-0.020538822770651,0.04233031061771426,0.11195594196672085,0.00701261993864186,0.05100834403938577,0.012704612425763899,0.42385174955148064,-0.002066899233905358,0.0,200,0,0.0,200,0,0,1.8847627498793537e-12,3.468081206776657e-16,0,0,4991,0,0.9835281000123359,0.953125,2.92807349935174,369,1.1768848223271132e-05,8.70208045022763e-06,630,-0.00013183863964872042,6.183069576719339e-06
T2_TAILS,base_jump|MV,1017,base_jump,4e1e63e3454c863e363e1d620a6841c161eab433ef216376cd2df01f2f0be5bb,TIER2,false,plain,ewma,999,-8.351089108113271e-05,3.1169835380082647e-06,-0.02340118410717969,-0.75088967700091,-0.46298528803362365,-0.0473016035092863,-0.7629903054630378,11.018419057834283,-0.021210225728024112,0.028026413462626337,0.10891970972033478,0.004819700687760122,0.032589471504460864,0.008341315599362875,0.30079787802432223,0.0019173249046165143,0.0,200,0,0.0,200,0,0,2.28837048398033e-12,3.3747525662513504e-16,0,0,4549,0,0.9628993000369519,0.9375,2.9186145000858232,369,-0.0002319084150542292,6.857045244713876e-06,630,3.4076586745380847e-06,9.133089376852761e-07
T2_TAILS,base_jump|MV,1018,base_jump,4e1e63e3454c863e363e1d620a6841c161eab433ef216376cd2df01f2f0be5bb,TIER2,false,plain,ewma,999,-2.2357750364833653e-05,7.313846157290325e-06,-0.011163420786849565,-0.13123674874458396,0.14200177210508427,-0.008267138096448506,0.1710777466829801,13.946591229420793,-0.006533207470812874,0.04293121511950439,0.08814077964969204,0.0069068468346332864,0.04578106945264104,0.011533704072453323,0.38663979647308544,0.001165456406350939,0.0,200,0,0.0,200,0,0,1.1041663647099403e-12,3.2742631755980966e-16,0,0,5223,0,1.0220749000436626,1.015625,3.0116799983079545,369,-1.1338517300736576e-05,8.005835352382385e-06,630,-2.881187258809051e-05,6.9205087550739305e-06
T2_TAILS,base_jump|MV,1019,base_jump,4e1e63e3454c863e363e1d620a6841c161eab433ef216376cd2df01f2f0be5bb,TIER2,false,plain,ewma,999,0.00015866680010674568,7.86155255026285e-06,0.0340406998989012,0.8983222834031244,1.2226260517660363,0.056588984739817924,0.04676233151557114,7.969751878318979,0.03976181949288948,0.04450967583196083,0.04469305200017774,0.006650723784972223,0.0477989853566747,0.01452184134087077,0.3975621170243966,0.002166933650326402,0.0,200,0,0.0,200,0,0,5.347472763202091e-13,2.981270177714544e-16,0,0,5032,0,1.0231466999975964,1.015625,3.0510300025343895,369,0.0003278265611709529,1.1931976691282663e-05,630,5.958751148342432e-05,5.466007240396125e-06
T2_TAILS,base_jump|MV,1020,base_jump,4e1e63e3454c863e363e1d620a6841c161eab433ef216376cd2df01f2f0be5bb,TIER2,false,plain,ewma,999,3.460450216646765e-05,3.492615536890289e-06,0.00607991720006079,0.2939391847228959,0.556652977678134,0.018516428175091873,-0.687716448127343,18.485528831006704,0.008314569889614543,0.02966713864356239,0.052225108733485466,0.004291302068915575,0.03112822440941349,0.007628769812035718,0.3280653981170984,-0.0007629302710905217,0.0,200,0,0.0,200,0,0,2.413012638026643e-12,3.124051025753512e-16,0,0,5078,0,0.9586077000130899,0.953125,2.868089999537915,369,-4.5753116196188854e-06,2.9030962825767164e-06,630,5.7552678812604055e-05,3.841641760963178e-06
T2_TAILS,base_jump|MV,1021,base_jump,4e1e63e3454c863e363e1d620a6841c161eab433ef216376cd2df01f2f0be5bb,TIER2,false,plain,ewma,999,6.79899782051671e-05,4.180133107926297e-06,0.013973293878109829,0.5278981216768021,0.8495982443056213,0.033254455893688896,-0.5836461556738577,16.002428793328168,0.01674501009806728,0.03245602475962555,0.044247629649332085,0.0050112340976558615,0.03721424898002172,0.009543403527306283,0.3211211209009156,-0.0036855411438244923,0.005005005005005005,200,0,0.0,200,0,0,1.3086418268772888e-12,3.5735565484575787e-16,0,0,4690,1,0.9523082000087015,0.953125,2.871756500680931,369,8.684398841492499e-06,1.2474701870384238e-06,630,0.00010272610326103365,5.8992779442051506e-06
T2_TAILS,base_jump|MV,1022,base_jump,4e1e63e3454c863e363e1d620a6841c161eab433ef216376cd2df01f2f0be5bb,TIER2,false,plain,ewma,999,0.00014877042565654,2.151917282848544e-05,0.021221652607113086,0.5091011630789446,1.0319862912984108,0.032070358801919656,-0.013430438410693423,6.583799022090677,0.03539102643396741,0.07363987746308606,0.09609941096834401,0.010966329781420673,0.09456735597829158,0.03850545207431314,0.6913002548581348,0.0031493946042909136,0.0,200,0,0.0,200,0,0,3.260424782508925e-12,3.1402524827727655e-16,0,0,5130,4,0.9710351000539958,0.96875,2.92070199851878,369,0.000401258898812324,3.1399930862067375e-05,630,8.843199510093632e-07,1.5713287326063854e-05
T2_TAILS,base_jump|MV,1023,base_jump,4e1e63e3454c863e363e1d620a6841c161eab433ef216376cd2df01f2f0be5bb,TIER2,false,plain,ewma,999,3.1302588821878076e-05,4.786526135971096e-06,0.004269638624319127,0.2271278080225743,0.503852201487258,0.014307707044165537,0.4488864603015352,22.974696169627826,0.007312637027545366,0.03473045617703165,0.05847943500162036,0.0052047001403201535,0.03669537319898632,0.00917690059334564,0.3561748909426973,0.000863095885929505,0.0,200,0,0.0,200,0,0,1.7504351497500345e-12,3.30883131993592e-16,0,0,5210,0,0.993066800001543,0.984375,2.909537998784799,369,3.7970798897203976e-05,1.1620596835171646e-05,630,2.739692292061576e-05,7.957828785358906e-07
T2_TAILS,base_jump|MV,1024,base_jump,4e1e63e3454c863e363e1d620a6841c161eab433ef216376cd2df01f2f0be5bb,TIER2,false,plain,ewma,999,0.00018634227882716,1.000455048207095e-05,0.03939481409999868,0.9352180552393832,1.3096951628221476,0.05891319989954463,-0.1380800348139918,8.028566381371633,0.04675470466252474,0.0502110219123439,0.08823128162487286,0.007763480927408178,0.0660198003650742,0.018417464867278074,0.5453296349345026,5.359931224574194e-05,0.0,200,0,0.0,200,0,0,5.637535036765613e-12,2.7797998686228153e-16,0,0,5005,0,0.9540570999961346,0.953125,2.852443498268258,369,0.000199344016086258,1.7504685059750234e-05,630,0.0001787269755754026,5.632302648583255e-06
T2_TAILS,base_jump|MV,1025,base_jump,4e1e63e3454c863e363e1d620a6841c161eab433ef216376cd2df01f2f0be5bb,TIER2,false,plain,ewma,999,4.142557736552565e-05,4.9877472314496775e-06,0.006668508589136508,0.29445343318627326,0.5587177869375871,0.018548822783334577,0.4063308658222514,18.406669555624408,0.009859896797547396,0.03545295900662339,0.05169756600739263,0.005669343431261298,0.03845973635653115,0.009089145298998505,0.3233214560575092,0.001005510686200225,0.0,200,0,0.0,200,0,0,1.1829514525662492e-12,2.7970029478335147e-16,0,0,4755,0,0.9528667000122368,0.953125,2.8760999991209246,369,3.986803378293907e-05,4.184070763538631e-06,630,4.2337852892469226e-05,5.4658700739532236e-06
T2_TAILS,base_jump|MV,1026,base_jump,4e1e63e3454c863e363e1d620a6841c161eab433ef216376cd2df01f2f0be5bb,TIER2,false,plain,ewma,999,1.978943875186518e-05,5.695424429914916e-06,0.0006811976964543482,0.13163479482847065,0.39014305687108447,0.008292212642836777,0.6379383667296878,15.407097857157199,0.004279840949341418,0.03788465330893974,0.12620596621366828,0.005975843818530133,0.03988165858562909,0.009204987323448089,0.3585159460883468,-0.000998797058129128,0.0,200,0,0.0,200,0,0,6.844379527103663e-13,3.087256251829501e-16,0,0,5077,0,0.9858429000014439,0.984375,2.936046000395436,369,0.0001242688438124906,8.15714928258094e-06,630,-4.140564135507258e-05,4.254078558233151e-06
T2_TAILS,base_jump|MV,1027,base_jump,4e1e63e3454c863e363e1d620a6841c161eab433ef216376cd2df01f2f0be5bb,TIER2,false,plain,ewma,999,9.097369715337887e-05,7.0929807318696e-06,0.017563078249358058,0.5422527023941072,0.7814391274634359,0.034158709483036336,1.208530171382262,24.181760587236436,0.022278039175972264,0.04227802200234939,0.043072511402800655,0.006145911361815725,0.039756874429968336,0.009956175207359105,0.34352442988382836,0.00218944677124614,0.0,200,0,0.0,200,0,0,8.673009488959058e-13,3.051613189336885e-16,0,0,5000,0,0.9853055999847129,0.953125,2.9637290007667616,369,-3.11062583389136e-05,1.605134440610533e-06,630,0.00016247767108457876,1.0301088749615416e-05
T2_TAILS,base_jump|MV,1028,base_jump,4e1e63e3454c863e363e1d620a6841c161eab433ef216376cd2df01f2f0be5bb,TIER2,false,plain,ewma,999,-3.62232360997892e-05,7.494030269464502e-06,-0.014793742380862042,-0.210053438652181,0.12060253848321752,-0.013232122873991272,-0.07790211040536452,9.056239747404726,-0.01002140553422215,0.04345682487141755,0.07477555945192467,0.006910706854884512,0.06053841794081068,0.013866824647340837,0.4707238923602157,0.0013763628441206977,0.0,200,0,0.0,200,0,0,8.546929832635321e-12,3.2833513105225043e-16,0,0,5417,0,0.97314960003132,0.953125,2.849108999944292,369,-0.00017325085664419895,6.0184175968713705e-06,630,4.403579879050793e-05,8.351793046746072e-06
T2_TAILS,base_jump|MV,1029,base_jump,4e1e63e3454c863e363e1d620a6841c161eab433ef216376cd2df01f2f0be5bb,TIER2,false,plain,ewma,999,-5.5229583381988126e-05,1.078696311446977e-06,-0.014733349423714922,-0.8441554734135555,-0.658928041283622,-0.053176796441101536,-0.4623212728511586,7.768639020769593,-0.013955780544329666,0.01648731240938432,0.0666609494574294,0.002809830665144306,0.016214859497652837,0.0030894630427575538,0.18720560015603221,0.0005214843002045462,0.0,200,0,0.0,200,0,0,7.653311475701587e-13,3.577122687911189e-16,0,0,5002,0,0.9598766000126489,0.9375,2.8508094989228994,369,-4.0805854389022774e-05,8.503589414718466e-07,630,-6.367776750643926e-05,1.2138077836223656e-06
T2_TAILS,base_jump|ROBUST,1000,base_jump,2face781d843b762a4ff3defea7514c60bec2152a9341105625a0f649d6d7b36,TIER2,false,plain,lw,999,8.792736664029297e-05,7.263007608460947e-06,0.016666862641357354,0.5179240610585188,0.7085382834293289,0.03262614913279698,0.33085176153138113,25.455162305401434,0.02147035985016732,0.04278174747871057,0.05880432914633516,0.006554890264345954,0.02723062733927096,0.008101197397997044,0.2366247511136248,0.00032219339200730305,0.3053053053053053,200,0,0.0,200,0,0,1.8363107585332092e-13,3.002530654727719e-16,0,0,2862,0,1.0445319999707863,1.03125,3.063034998776857,369,0.00028501017849536653,1.637875660101095e-05,630,-2.750685173196439e-05,1.9052016118143714e-06
T2_TAILS,base_jump|ROBUST,1001,base_jump,2face781d843b762a4ff3defea7514c60bec2152a9341105625a0f649d6d7b36,TIER2,false,plain,lw,999,-2.5973700744506977e-07,4.707727779602958e-06,-0.003624495927255994,-0.0019003274065908446,0.17716017457813557,-0.00011970937446285,-0.016178052138593236,34.685127299776006,-0.000657879764834779,0.03444339414836966,0.06489413395310632,0.005476328566853399,0.0204588581604894,0.0059512405630911085,0.17973739705334013,-0.0002650571959904796,0.2652652652652653,200,0,0.0,200,0,0,1.1966900534576226e-13,2.7739863472916495e-16,0,0,2398,0,1.039133399957791,1.0,3.0556154996156693,369,5.853270400232876e-07,4.63604503070469e-08,630,-7.547030923908219e-07,7.442370843356109e-06
T2_TAILS,base_jump|ROBUST,1002,base_jump,2face781d843b762a4ff3defea7514c60bec2152a9341105625a0f649d6d7b36,TIER2,false,plain,lw,999,-7.825016238477283e-05,3.5980118768640935e-06,-0.022439137899872005,-0.6548686820632488,-0.4002516997274215,-0.0412528493843805,-0.0946619891443731,9.25557408748954,-0.01997073035957142,0.03011144289086379,0.1054156028100692,0.0051709789705601875,0.029212471122678205,0.007350872201296483,0.2613734969986277,0.0032994357196436948,0.21521521521521522,200,0,0.0,199,1,0,1.4122050283672112e-12,3.209141868975574e-16,0,0,2828,0,0.9993989000213332,0.96875,2.9499170009512454,369,-0.00012897538565607799,5.875259271630987e-06,630,-4.853967446872267e-05,2.2690220621434895e-06
T2_TAILS,base_jump|ROBUST,1003,base_jump,2face781d843b762a4ff3defea7514c60bec2152a9341105625a0f649d6d7b36,TIER2,false,plain,lw,999,-0.00013778067008752927,1.2991178982600977e-05,-0.044542060172903714,-0.6068261392132738,-0.34476151251052933,-0.038226453652661495,-0.3027866011956102,9.043388466851274,-0.0357070185039049,0.05721693021838419,0.16097507054044205,0.009354790044810926,0.05676586930324664,0.015909320828511507,0.4842427008920963,-0.0009747529331897599,0.04004004004004004,200,0,0.0,200,0,0,3.4461719879574527e-12,3.905343740505739e-16,0,0,4058,0,1.0289585000136867,1.015625,3.043258501566015,369,-0.00026285318147226686,1.935379758110779e-05,630,-6.452391341932582e-05,9.274794706935214e-06
T2_TAILS,base_jump|ROBUST,1004,base_jump,2face781d843b762a4ff3defea7514c60bec2152a9341105625a0f649d6d7b36,TIER2,false,plain,lw,999,2.781488213590291e-05,9.520192993602433e-06,-0.00018791560491590587,0.1431049374308105,0.47646022071921834,0.009014763710175788,-0.7776950293368703,11.011836890728919,0.005825901562488189,0.04898049238613076,0.10992473130005453,0.007753291225900623,0.05007613702936416,0.015750330935502682,0.42248876946652,-0.002361336968199558,0.0,200,0,0.0,200,0,0,1.9890737539698646e-12,3.423180954523093e-16,0,0,4917,0,1.0712195999803953,1.078125,3.1363070008228533,369,7.771224227213809e-05,4.24173248162599e-06,630,-1.4107145153205568e-06,1.2621205457131448e-05
T2_TAILS,base_jump|ROBUST,1005,base_jump,2face781d843b762a4ff3defea7514c60bec2152a9341105625a0f649d6d7b36,TIER2,false,plain,lw,999,-3.224494102699833e-05,1.2436702185625118e-06,-0.009065939824036837,-0.45899635852654114,-0.3179919542851161,-0.02891405279393974,0.17495318652562714,15.665190055399213,-0.008248188478696128,0.01770324532614721,0.0482482814737096,0.0030634265344810486,0.01389851457832618,0.00269838492694106,0.1311773972324205,-0.0014248984315263506,0.18018018018018017,200,0,0.0,200,0,0,1.4207759274694035e-13,3.03198493989694e-16,0,0,2369,0,1.0112414000323042,1.015625,2.979437497560866,369,-4.310089134288169e-06,5.371462402116694e-07,630,-4.860678284987142e-05,1.6582773500240166e-06
T2_TAILS,base_jump|ROBUST,1006,base_jump,2face781d843b762a4ff3defea7514c60bec2152a9341105625a0f649d6d7b36,TIER2,false,plain,lw,999,-8.785156321731589e-07,2.0550041869941316e-06,-0.0017749691046751997,-0.00972844456493506,0.15234930818004327,-0.0006128344038641934,0.36264207196329307,12.976163549967564,-0.00047985649676252073,0.022756560705047703,0.052219926802257906,0.0035381074712048433,0.01805544333514816,0.0038362604055073245,0.15785140047869003,0.0018669247409399776,0.22022022022022023,200,0,0.0,199,1,0,2.2551279887983889e-13,2.9606050107979417e-16,0,0,3066,0,1.0726198999909684,1.0625,3.126841004996095,369,-5.6994553340111677e-05,1.720379275331177e-06,630,3.198944931104797e-05,2.2511161045438687e-06
T2_TAILS,base_jump|ROBUST,1007,base_jump,2face781d843b762a4ff3defea7514c60bec2152a9341105625a0f649d6d7b36,TIER2,false,plain,lw,999,0.00010329460531376822,8.98945763054861e-06,0.019234210570374843,0.5469040834434811,0.850585037267191,0.03445171894755163,-0.5089252046245049,17.507559073397616,0.02520885437526932,0.04759562293844099,0.08287749943458866,0.007383985313378325,0.04390186552791613,0.014204843600179762,0.3502693627178228,-0.0017326844022748215,0.1891891891891892,200,0,0.0,199,1,0,2.1449046631032374e-12,3.584754216580035e-16,0,0,3297,0,1.0572712000575848,1.046875,3.048512500245124,369,0.000203737523637739,5.484920382324473e-06,630,4.4463753152585326e-05,1.1044713483713879e-05
T2_TAILS,base_jump|ROBUST,1008,base_jump,2face781d843b762a4ff3defea7514c60bec2152a9341105625a0f649d6d7b36,TIER2,false,plain,lw,999,0.00021774666715716965,1.1133843663962777e-05,0.04645497431365089,1.0359271785526176,1.2981841665911082,0.06525727835292928,0.78206012798568,17.429429432797356,0.054922850312688176,0.05296912877628459,0.06385906780766051,0.007191167090650359,0.043904979699991034,0.013555882796373738,0.37593196903047293,0.0012776524680562645,0.0,200,0,0.0,200,0,0,1.3362583247208522e-12,3.229839329477686e-16,0,0,4150,0,1.0367743999813683,1.015625,3.002282999223098,369,0.000389414825934835,2.1581891689512025e-05,630,0.00011719817415882283,5.011440574257857e-06
T2_TAILS,base_jump|ROBUST,1009,base_jump,2face781d843b762a4ff3defea7514c60bec2152a9341105625a0f649d6d7b36,TIER2,false,plain,lw,999,0.0003101563482860676,2.654295120761486e-05,0.0580929286551322,0.9556664522036457,1.420616198180774,0.06020132782995813,0.33309563055484964,6.3390299521738,0.07768134135660554,0.0817852291328877,0.09913333248677464,0.011407054722367815,0.1239807429098499,0.038285023048263984,0.9320012515442782,-0.0010232063667623755,0.09009009009009009,200,0,0.0,199,1,0,8.193431234166976e-12,2.91085456189615e-16,0,0,4635,0,1.0129929999820888,1.0,2.909815999737475,369,0.0001689098029836019,1.0705488538868488e-05,630,0.00039288646767751174,3.583238770219886e-05
T2_TAILS,base_jump|ROBUST,1010,base_jump,2face781d843b762a4ff3defea7514c60bec2152a9341105625a0f649d6d7b36,TIER2,false,plain,lw,999,-3.464251176589329e-06,1.8743212714742472e-06,-0.0022899781777350418,-0.040168686114931636,0.1409355976130109,-0.0025303893798171995,2.6315139709911346,45.471677195963665,-0.001107752060332201,0.02173313047886821,0.049098042767454726,0.0034516050894397576,0.014950461781744681,0.0038273381917635183,0.14517376225227016,-0.0013084925831961616,0.3133133133133133,200,0,0.0,200,0,0,1.1864107661857064e-12,3.294302735848534e-16,0,0,2220,0,0.9932840000255965,0.953125,2.940543497679755,369,-1.0401609503685996e-05,5.075621993407008e-06,630,5.990587007101466e-07,4.317289204361818e-09
T2_TAILS,base_jump|ROBUST,1011,base_jump,2face781d843b762a4ff3defea7514c60bec2152a9341105625a0f649d6d7b36,TIER2,false,plain,lw,999,-3.54697058143257e-07,1.3866509016061533e-07,-0.00019421446681352594,-0.015120783237522972,0.06888938653802208,-0.0009525198113095211,0.5776394811711691,31.095891844621587,-0.00010682982812748598,0.0059113114213747075,0.015323690133098644,0.0009433455734929774,0.0028186977749400104,0.0005056851234093248,0.02408634296421482,0.00040422084624969115,0.42042042042042044,200,0,0.0,200,0,0,4.765188229493504e-14,2.9653870454369053e-16,0,0,1408,0,0.9549976999987848,0.953125,2.8356940014055,369,8.105255397565683e-06,2.7972395289273107e-07,630,-5.309812067915636e-06,5.6291680760590194e-08
T2_TAILS,base_jump|ROBUST,1012,base_jump,2face781d843b762a4ff3defea7514c60bec2152a9341105625a0f649d6d7b36,TIER2,false,plain,lw,999,-0.00016007360391796685,2.3193799883618817e-06,-0.042091999458529226,-1.6685300795280908,-1.492156616290186,-0.10510751536814647,-1.2742399079285194,13.018918455743334,-0.03981970230807663,0.024176098880241085,0.16133007214280587,0.004616994046133265,0.018694461965052273,0.0043291867180910715,0.17594988236267287,0.0015624271064422965,0.13013013013013014,200,0,0.0,200,0,0,1.6306833270645975e-13,3.08069942185411e-16,0,0,3194,0,0.9897052000160329,0.96875,2.909710500680376,369,-0.0003270012761509388,4.547957773603486e-06,630,-6.230168161008325e-05,9.9330405268343e-07
T2_TAILS,base_jump|ROBUST,1013,base_jump,2face781d843b762a4ff3defea7514c60bec2152a9341105625a0f649d6d7b36,TIER2,false,plain,lw,999,-3.0193096692540595e-05,3.4718060590326095e-06,-0.010233345747148882,-0.25723508317915306,-0.12094430335121495,-0.016204287108882217,-3.363327857588975,36.725887208273264,-0.008015368745727725,0.02957862618304335,0.09307153049237414,0.005354030097627827,0.01486147585115143,0.004112236234333729,0.13391023816442807,-0.002628681452178386,0.35435435435435436,200,0,0.0,200,0,0,5.726363890758145e-13,3.2493813715014847e-16,0,0,2130,0,0.9456570000038482,0.921875,2.80024699983187,369,6.912171519400449e-05,4.1031203821935475e-07,630,-8.836320079751701e-05,5.259294500884201e-06
T2_TAILS,base_jump|ROBUST,1014,base_jump,2face781d843b762a4ff3defea7514c60bec2152a9341105625a0f649d6d7b36,TIER2,false,plain,lw,999,0.0002185046873152258,8.41470483108597e-06,0.048701664351135904,1.195753291295115,1.574535455780775,0.07532537709890118,0.3550226075851778,6.998848947507049,0.05548368686822691,0.0460489480600118,0.05396871536102634,0.006665813021467935,0.045483993400751176,0.01825555505711686,0.4531972632998038,0.003221208360238023,0.0,200,0,0.0,200,0,0,6.076775850962022e-13,2.4640124915325045e-16,0,0,4637,2,1.0195804999675602,1.0,3.0519155008369125,369,0.0003582002780532039,1.1754594100815794e-05,630,0.0001366829841686957,6.455907935291733e-06
T2_TAILS,base_jump|ROBUST,1015,base_jump,2face781d843b762a4ff3defea7514c60bec2152a9341105625a0f649d6d7b36,TIER2,false,plain,lw,999,2.794901847725707e-05,4.035429803712868e-06,0.003992367724661853,0.2208624739903719,0.3991020051013765,0.013913028098214177,-0.9454654267320729,22.102221939331756,0.00655585806161052,0.03188931342214258,0.0805421794405571,0.005050121652166392,0.022880424092076072,0.006230296412803523,0.19275433272461245,0.00038130310318702717,0.07007007007007007,200,0,0.0,200,0,0,2.2230413939459135e-13,2.9956253757714835e-16,0,0,3356,0,1.023513099993579,1.03125,3.0326449996209703,369,0.0001043771100214418,9.33290165348447e-06,630,-1.6816006570051126e-05,9.370957893422841e-07
T2_TAILS,base_jump|ROBUST,1016,base_jump,2face781d843b762a4ff3defea7514c60bec2152a9341105625a0f649d6d7b36,TIER2,false,plain,lw,999,-6.838461472288445e-05,5.941526036181554e-06,-0.021724716593520137,-0.4453584251397118,-0.23366106851812304,-0.028054943743025088,-0.19147869579104543,12.970687264115165,-0.0178210516833619,0.038694502983211344,0.1187035317677923,0.006476378481142966,0.03365203114521856,0.008344943868670076,0.28090470030918746,-0.0012545908184598076,0.04504504504504504,200,0,0.0,200,0,0,5.345119974664001e-13,3.063956590141273e-16,0,0,3430,0,0.9885799000039697,1.0,2.9412985013914295,369,6.524933402828665e-05,7.0551807793347056e-06,630,-0.0001466559275628561,5.28280955868026e-06
T2_TAILS,base_jump|ROBUST,1017,base_jump,2face781d843b762a4ff3defea7514c60bec2152a9341105625a0f649d6d7b36,TIER2,false,plain,lw,999,-6.529359249029108e-05,2.4567849866560506e-06,-0.018311314757465325,-0.6612828505679741,-0.4801478552605556,-0.041656904020827314,-1.113878303642191,13.257114844371904,-0.01662443601822927,0.024881917463035776,0.0982538919667853,0.00448366696854553,0.019482786785210735,0.004884529131828288,0.16748170744475557,0.0015748948117515161,0.19019019019019018,200,0,0.0,200,0,0,5.624616126855384e-13,2.9289682265815504e-16,0,0,2308,0,0.9520288999774493,0.953125,2.88513299805345,369,-0.00021796364208444797,6.053508375901122e-06,630,2.412743655771509e-05,3.3472507682757624e-07
T2_TAILS,base_jump|ROBUST,1018,base_jump,2face781d843b762a4ff3defea7514c60bec2152a9341105625a0f649d6d7b36,TIER2,false,plain,lw,999,-3.6379329074165614e-05,5.4190839037236584e-06,-0.01326441835790482,-0.24808015129551728,-0.06038899289072177,-0.01562758060807659,0.40658528108578207,27.86286167004558,-0.009801201336112064,0.03695414920869322,0.10053653560346554,0.005986315679475114,0.026984231359464574,0.006594316987082103,0.22254233058360162,-0.00025109643379585993,0.17517517517517517,200,0,0.0,200,0,0,5.372049685390331e-13,3.321536933567057e-16,0,0,3078,0,1.0195934000075795,1.015625,2.9852929996559396,369,-9.428226590651033e-05,3.3955424395536777e-06,630,-2.464751786649417e-06,6.608464750854866e-06
T2_TAILS,base_jump|ROBUST,1019,base_jump,2face781d843b762a4ff3defea7514c60bec2152a9341105625a0f649d6d7b36,TIER2,false,plain,lw,999,0.00010372302904953884,6.708063849261903e-06,0.02106690705044179,0.6357360916299095,0.8731830187823293,0.040047609474307425,0.23359049107049476,10.869103634283373,0.0256155434676264,0.041114864587080906,0.04192154126068763,0.006215689138134155,0.03383761507886341,0.010159586079205803,0.2978928454499139,0.002782462469962258,0.10510510510510511,200,0,0.0,200,0,0,5.764685051725878e-13,2.958987159536462e-16,0,0,4004,1,1.0485289999633096,1.015625,3.107392496895045,369,0.0002086683803151602,1.1138777883762049e-05,630,4.2255037593960606e-05,4.116268888972977e-06
T2_TAILS,base_jump|ROBUST,1020,base_jump,2face781d843b762a4ff3defea7514c60bec2152a9341105625a0f649d6d7b36,TIER2,false,plain,lw,999,3.1966375165424977e-06,2.301637336206689e-06,-0.0009344851720035478,0.03344838978814898,0.2043693900578994,0.0021070505032141575,-1.3342989357453647,33.77910244182974,0.0005155679304662542,0.024083450930547427,0.056990130792738694,0.0037304365929833484,0.016418562358998353,0.003925822185169627,0.16604613849332808,-0.0007146933018006324,0.13013013013013014,200,0,0.0,200,0,0,2.7159867221625387e-13,3.3041826995793983e-16,0,0,3102,0,0.9850854999967851,0.984375,2.9247200005920604,369,6.1768335982279476e-06,1.2296587501122572e-06,630,1.4510940972695911e-06,2.9324553968734e-06
T2_TAILS,base_jump|ROBUST,1021,base_jump,2face781d843b762a4ff3defea7514c60bec2152a9341105625a0f649d6d7b36,TIER2,false,plain,lw,999,8.817304858192457e-05,4.580536804596349e-06,0.018756722418370154,0.6540002866027211,0.880556318554936,0.041198145612280176,0.2618437587241869,15.4319545831421,0.021878249791715598,0.033974921261987936,0.044743046745344864,0.005217547069121926,0.02680265703616827,0.006997337332222611,0.22713170300144317,-0.0018377589726658835,0.3253253253253253,200,0,0.0,200,0,0,7.002985892511317e-13,3.170913394468617e-16,0,0,2464,0,0.9616687999805436,0.953125,2.879568499920424,369,2.6834645042984217e-05,4.960958631301518e-07,630,0.00012409982779758964,6.973944301693413e-06
T2_TAILS,base_jump|ROBUST,1022,base_jump,2face781d843b762a4ff3defea7514c60bec2152a9341105625a0f649d6d7b36,TIER2,false,plain,lw,999,0.00015381592963729622,2.8174934165373537e-05,0.017461364039576252,0.4600130264874714,0.8979533912339918,0.028978096855619466,0.2800708503028568,6.97792670894444,0.03584384161119347,0.08426199267566684,0.1027714255927481,0.012718951582299697,0.0867170815897486,0.03670885339979114,0.6831005500536385,0.003496313918184265,0.014014014014014014,200,0,0.0,200,0,0,1.7214471074005115e-12,2.981440281015448e-16,0,0,4423,3,0.9859595000161789,0.984375,2.934768999402877,369,0.0005089323818524611,4.36069175796121e-05,630,-5.418084951730039e-05,1.9073846442827117e-05
T2_TAILS,base_jump|ROBUST,1023,base_jump,2face781d843b762a4ff3defea7514c60bec2152a9341105625a0f649d6d7b36,TIER2,false,plain,lw,999,6.906074853536232e-05,3.7312255891555533e-06,0.014582502085509708,0.5675521824820554,0.7739003714272654,0.035752426926177805,-0.1438572887434638,19.82446490979211,0.017077180355873356,0.030663803555123416,0.04823809417428908,0.0046948869593611935,0.022681884589046568,0.005877409439991703,0.20534979395016328,-0.0007200584136774519,0.24824824824824826,200,0,0.0,200,0,0,5.24215822586952e-13,3.3731755694488e-16,0,0,2691,0,0.9801532999845222,0.96875,2.8603979988838546,369,0.00019065990988320565,9.939405008726124e-06,630,-2.1616173969459086e-06,9.12721389179928e-08
T2_TAILS,base_jump|ROBUST,1024,base_jump,2face781d843b762a4ff3defea7514c60bec2152a9341105625a0f649d6d7b36,TIER2,false,plain,lw,999,0.00018638550007255128,8.562651110596371e-06,0.040495781778672066,1.0111329642992415,1.3259892026928546,0.06369538966560342,0.17595686531694624,9.350908795613583,0.04695681377397043,0.0464519975875127,0.06401204227082394,0.007051121191131504,0.05025760569025985,0.014398043310039707,0.43197022655579664,0.0017784651863805062,0.12912912912912913,200,0,0.0,200,0,0,2.998320804871042e-12,3.6335658184796596e-16,0,0,3544,0,0.9834467999753542,0.984375,2.896732001390774,369,0.0002576553548449935,1.5054599044967938e-05,630,0.00014464172799154943,4.773388334381058e-06
T2_TAILS,base_jump|ROBUST,1025,base_jump,2face781d843b762a4ff3defea7514c60bec2152a9341105625a0f649d6d7b36,TIER2,false,plain,lw,999,3.557411085296446e-05,4.299186793943314e-06,0.005714490718725898,0.2723586462785816,0.43920095341461374,0.017156982035031767,-0.3391720502607092,39.6777477532114,0.008458674085312978,0.03291496729565009,0.04175843003629572,0.005197304874944642,0.021684581424687675,0.005079762340582639,0.18447762965862105,0.0008631736162372798,0.1001001001001001,200,0,0.0,200,0,0,5.749447230048899e-13,2.9219198068783633e-16,0,0,2937,0,0.9803328000125475,0.984375,2.9326795000815764,369,-9.295932737517555e-06,1.8751342689152134e-06,630,6.185513638453249e-05,5.722354464013014e-06
T2_TAILS,base_jump|ROBUST,1026,base_jump,2face781d843b762a4ff3defea7514c60bec2152a9341105625a0f649d6d7b36,TIER2,false,plain,lw,999,1.1545603671816598e-05,2.901997890826365e-06,0.0007155817198330508,0.10758912350575428,0.2677506863901674,0.00677747772789618,0.18087574309031274,21.90579538265163,0.002547500853642637,0.027042623180605907,0.09644704942436405,0.004376674771614384,0.018547074336025912,0.0041431629753178115,0.16161832382971772,-0.00043839810184718287,0.07507507507507508,200,0,0.0,200,0,0,2.669682585010547e-13,3.311850751161722e-16,0,0,3186,0,1.014647000003606,0.984375,3.012214998889249,369,0.0001431039147713328,3.6544055889503206e-06,630,-6.550997854361432e-05,2.450310768451828e-06
T2_TAILS,base_jump|ROBUST,1027,base_jump,2face781d843b762a4ff3defea7514c60bec2152a9341105625a0f649d6d7b36,TIER2,false,plain,lw,999,5.84287731660773e-05,6.923310854111843e-06,0.009490027832142926,0.35250892895110897,0.534153188543845,0.02220597526034217,0.39571539438836284,26.157782145273863,0.013949178843789545,0.041769298955526946,0.056687885950503995,0.006599553032570347,0.028697311865756466,0.0073519755526270155,0.23165595478108889,0.0013486524940187665,0.05805805805805806,200,0,0.0,200,0,0,2.862555870210928e-13,2.7760499710127603e-16,0,0,2848,0,1.0087093000183813,1.0,3.0053240002598614,369,-1.9528227770390988e-05,6.124296215372695e-07,630,0.00010408930228600872,1.0620880975078624e-05
T2_TAILS,base_jump|ROBUST,1028,base_jump,2face781d843b762a4ff3defea7514c60bec2152a9341105625a0f649d6d7b36,TIER2,false,plain,lw,999,-7.318348711281751e-05,7.103369115945986e-06,-0.02381238580408518,-0.4358942883112043,-0.1784120844367922,-0.02745875916154608,-0.4383273746879196,8.7591330371703,-0.019152119441691817,0.0423089708834709,0.11454068753287401,0.007480424644085144,0.04475752492704668,0.010366135439308352,0.3714700307116986,0.0015161124470075634,0.13013013013013014,200,0,0.0,200,0,0,6.375288572710851e-12,3.6266188750698e-16,0,0,3800,0,1.038082899991423,1.03125,2.9715535006835125,369,-0.00024420155561988527,5.798867331633388e-06,630,2.6984238727036465e-05,7.850661111548697e-06
T2_TAILS,base_jump|ROBUST,1029,base_jump,2face781d843b762a4ff3defea7514c60bec2152a9341105625a0f649d6d7b36,TIER2,false,plain,lw,999,-2.726934253004397e-05,2.868328534987303e-07,-0.0070887199548161205,-0.8082775023937089,-0.7007065440845712,-0.0509166967062421,-1.918794479512159,28.311993978579615,-0.006884293547849141,0.008501875033290012,0.031299101110064564,0.0016424597587927914,0.005308157268572791,0.0009084345201702095,0.045773959290831105,0.00021710267161001112,0.5155155155155156,200,0,0.0,200,0,0,2.377498053464709e-13,3.1592317537760546e-16,0,0,1218,0,0.9726777999894693,0.96875,2.8324529973906465,369,-2.7274760488473956e-05,1.5041263129642429e-07,630,-2.7266169154392123e-05,3.6710228848564813e-07
T2_TAILS,base_t5|CVAR,1000,base_t5,a7fd644e9383cdcbc400adfdd51c261145563e10f1206096fd8b31499908bdff,TIER2,false,plain,none,999,-0.00014608900802681247,3.7270523137716487e-06,-0.03963208157196811,-1.2012546068355932,-1.1738030576308751,-0.07567192740375356,-0.6295305195120636,6.557188814184077,-0.03660018886554395,0.03064665043802431,0.1679769387153865,0.005023211939805567,0.0013248211970579519,0.0009396793713946718,0.3105897591861224,0.003093815316941522,0.0,200,0,0.0,199,1,0,3.1094213751931804e-09,3.8440087102136083e-16,0,0,3620,0,2.804948400007561,2.6875,11.721324498939794,369,-0.00031023232308155643,4.241778184356815e-06,630,-4.994792349474814e-05,3.4067705912385925e-06
T2_TAILS,base_t5|CVAR,1001,base_t5,a7fd644e9383cdcbc400adfdd51c261145563e10f1206096fd8b31499908bdff,TIER2,false,plain,none,999,-5.770492992990923e-07,9.228816981213296e-07,-0.0008431149872030966,-0.009535427570213372,0.02114269413656631,-0.0006006754760822256,0.14243727934416417,17.240680384455707,-0.00026153941799078595,0.015250120915146052,0.02740043523076489,0.0024969438315735324,0.0011874448365749798,0.0004165726807231762,0.09643990901522163,-0.0029178613892653807,0.4804804804804805,200,0,0.0,198,2,0,1.689153229590894e-10,2.8929893606488075e-16,0,0,1765,0,2.5726387999602593,2.5,10.660701498854905,369,0.0,0.0,630,-9.150353174599892e-07,1.4642857549849391e-06
T2_TAILS,base_t5|CVAR,1002,base_t5,a7fd644e9383cdcbc400adfdd51c261145563e10f1206096fd8b31499908bdff,TIER2,false,plain,none,999,4.613029611707417e-05,2.093805698996537e-06,0.010041917513061308,0.5060790088748777,0.5445913152628974,0.03187998098173753,0.01863219728307477,6.286020740215791,0.011425820075988247,0.022970394775604693,0.028961625426841477,0.0034639129724881724,0.0018952646677567618,0.000827658448983883,0.24302795745016745,0.0029335060691460003,0.07007007007007007,200,0,0.0,200,0,0,7.460715005827867e-11,3.105908247969179e-16,0,0,3215,0,2.6346293999813497,2.609375,10.832253497792408,369,-1.628149677168893e-05,4.6680750689282666e-07,630,8.268577480906398e-05,3.0453954111126788e-06
T2_TAILS,base_t5|CVAR,1003,base_t5,a7fd644e9383cdcbc400adfdd51c261145563e10f1206096fd8b31499908bdff,TIER2,false,plain,none,999,-5.831055398598785e-05,1.3000458622620372e-05,-0.024522606323169938,-0.25672496375352194,-0.2259841794513635,-0.016172152605568813,1.336413536796477,26.24286140651289,-0.016193761710482923,0.05723736168710376,0.16592248647261496,0.008450272544552868,0.004702490075539309,0.002009089234298167,0.5166042998677782,-0.0006389856112036456,0.0,200,0,0.0,200,0,0,4.334968958504393e-10,3.7616899064366745e-16,0,0,3566,0,2.7052102999878116,2.65625,11.2103389998083,369,0.00012776119421053364,1.77204231565294e-05,630,-0.00016729543507252185,1.0227477353623056e-05
T2_TAILS,base_t5|CVAR,1004,base_t5,a7fd644e9383cdcbc400adfdd51c261145563e10f1206096fd8b31499908bdff,TIER2,false,plain,none,999,3.862992494366427e-06,1.1627772514626222e-05,-0.007817121912477085,0.01798356841277897,0.07045844555603344,0.001132858326326898,-0.2622316152327803,7.2182785725200365,-0.000490962315718213,0.054131309550811794,0.15243693173906056,0.008384183503007327,0.007997249123966073,0.0026341933917965864,0.520853584565672,-0.00459321007558571,0.0,200,0,0.0,200,0,0,4.971904108489913e-10,4.138060787955493e-16,0,0,4095,0,2.7114425000036135,2.65625,11.17855349992169,369,-0.0002689128485513816,1.977423259024257e-05,630,0.00016363169939259028,6.810909243297526e-06
T2_TAILS,base_t5|CVAR,1005,base_t5,a7fd644e9383cdcbc400adfdd51c261145563e10f1206096fd8b31499908bdff,TIER2,false,plain,none,999,-4.043787930757909e-05,9.362827453568735e-06,-0.017268643140407894,-0.20979016868397735,-0.17115558124250768,-0.013215538424859397,-0.07214934026228395,6.178723600089755,-0.011305002510742512,0.04857399014183744,0.10088165196851255,0.007714333121915003,0.004072725840572885,0.002054316301617108,0.5991878469039362,0.002771213043970381,0.02002002002002002,200,0,0.0,199,1,0,7.554239559629706e-09,3.1971375692083724e-16,0,0,3490,0,2.816374199988786,2.796875,11.758094001270365,369,3.071503669739629e-05,1.1583096498073344e-06,630,-8.21131586819218e-05,1.4173102536084808e-05
T2_TAILS,base_t5|CVAR,1006,base_t5,a7fd644e9383cdcbc400adfdd51c261145563e10f1206096fd8b31499908bdff,TIER2,false,plain,none,999,-2.614377793360486e-06,2.2264346464364748e-08,-0.0006756550498539022,-0.27814012182551545,-0.24316268318595932,-0.0175211807614172,-0.4308765321768547,13.014604473947005,-0.0006614078731110862,0.0023686737447398526,0.00749297209330512,0.0003951724675364332,0.00019115077758947242,7.169793495538533e-05,0.020390131187150978,-0.0011231264571395687,0.08508508508508508,200,0,0.0,200,0,0,9.963991346823615e-13,2.7201611629898263e-16,0,0,3047,0,2.5943611999973655,2.546875,10.679112501384225,369,-6.359968777246816e-06,3.142801899996027e-09,630,-4.2053164565563564e-07,3.347385952168036e-08
T2_TAILS,base_t5|CVAR,1007,base_t5,a7fd644e9383cdcbc400adfdd51c261145563e10f1206096fd8b31499908bdff,TIER2,false,plain,none,999,-4.9087434890180745e-05,4.948235487222322e-06,-0.01611089962066562,-0.35030426813397597,-0.3226510425508541,-0.022067094683023543,-0.014902189415042604,11.004834648822731,-0.012909234344107401,0.035312254852671546,0.08882051588464056,0.005436176301510656,0.0028103780363750845,0.0011274689616212956,0.30153433600984203,0.0031059463925913835,0.2852852852852853,200,0,0.0,200,0,0,4.179734891529563e-10,3.439337915526788e-16,0,0,2768,0,2.528226100024767,2.515625,10.409365499799605,369,-1.2774603814155354e-07,5.718545016301661e-09,630,-7.776382407494655e-05,7.845519886450056e-06
T2_TAILS,base_t5|CVAR,1008,base_t5,a7fd644e9383cdcbc400adfdd51c261145563e10f1206096fd8b31499908bdff,TIER2,false,plain,none,999,8.183027551379686e-05,8.283441056226221e-06,0.014358947990969786,0.451345264987275,0.5013165650969106,0.028432079204354234,0.3230117521896172,5.911550937785827,0.019771423820384548,0.045688369922432207,0.05809986971982707,0.006174242132915242,0.003576258775656082,0.0021124165511475852,0.6014653950393681,-0.0038868451519141764,0.0,200,0,0.0,200,0,0,7.326868556312149e-10,2.766426067281019e-16,0,0,3868,0,2.747393900004681,2.734375,11.363893498200923,369,0.00022091484191191953,1.1782418518059874e-05,630,3.664580520393004e-07,6.23151848982299e-06
T2_TAILS,base_t5|CVAR,1009,base_t5,a7fd644e9383cdcbc400adfdd51c261145563e10f1206096fd8b31499908bdff,TIER2,false,plain,none,999,-3.8444892192564694e-05,8.779098052515956e-06,-0.016325110960228366,-0.20597474220226095,-0.1551314316021077,-0.012975189148281498,-0.04412618862839549,6.432999048829477,-0.010735529010838851,0.047035440991171976,0.13170101647183313,0.007347095749796104,0.008019879173388702,0.0024909029733827088,0.5504234956576316,-0.00042209081680844675,0.015015015015015015,200,0,0.0,199,1,0,8.6162734634713e-10,3.4447921978342817e-16,0,0,3664,0,2.7663661999977194,2.734375,11.506750001281034,369,-8.262984843187021e-05,1.0132026802478593e-06,630,-1.256513210954289e-05,1.333472005963279e-05
T2_TAILS,base_t5|CVAR,1010,base_t5,a7fd644e9383cdcbc400adfdd51c261145563e10f1206096fd8b31499908bdff,TIER2,false,plain,none,999,-8.1419441035128e-06,1.6802904819212342e-07,-0.002178799874518471,-0.3153088809810042,-0.2743101255727601,-0.019862592505852397,0.26834180519923534,6.934497160933391,-0.002070780510029513,0.006507174513136643,0.015838009972185645,0.0009150713566030233,0.000362463842218506,0.00022775278041385738,0.07371946273482954,-0.0034856327816709136,0.0,200,0,0.0,200,0,0,2.0587665709313388e-11,2.7688508851617507e-16,0,0,3640,0,2.7271623000269756,2.71875,11.329569499357603,369,-7.780781776994681e-06,2.491431298419108e-07,630,-8.353482037616269e-06,1.2083981238598267e-07
T2_TAILS,base_t5|CVAR,1011,base_t5,a7fd644e9383cdcbc400adfdd51c261145563e10f1206096fd8b31499908bdff,TIER2,false,plain,none,999,2.8507477944965714e-06,2.068178511620825e-08,0.0007027530146652825,0.3146770402207558,0.34318336571851465,0.01982279027919023,-0.19652020833174916,6.090992982917595,0.00071604032405026,0.002282938862362389,0.003503945927973188,0.00033157595515222795,0.0001752982922879695,8.424660564455827e-05,0.028671489326647388,0.0014075543641678312,0.10510510510510511,200,0,0.0,200,0,0,1.4582062205844135e-12,3.203220435180092e-16,0,0,2944,0,2.55376919999253,2.53125,10.53365149826277,369,2.628975514623464e-06,2.701170536249209e-08,630,2.980642986993677e-06,1.7011264219766147e-08
T2_TAILS,base_t5|CVAR,1012,base_t5,a7fd644e9383cdcbc400adfdd51c261145563e10f1206096fd8b31499908bdff,TIER2,false,plain,none,999,-2.8423281501688525e-05,2.355280516902151e-07,-0.007340726145503311,-0.9297221265649006,-0.8790971517031502,-0.05856698893535345,0.3541625211844308,6.241594047005378,-0.007166610364885195,0.007704094302767471,0.03582336445339619,0.001134604898062057,0.0006278552678684424,0.00033162786764020965,0.10239611290725784,-0.003290020036476021,0.08008008008008008,200,0,0.0,199,1,0,6.467194998838631e-12,2.933277431778108e-16,0,0,3309,0,2.685212899988983,2.671875,11.071507499727886,369,-3.488053565648695e-05,1.3158336225856815e-07,630,-2.464117549673516e-05,2.96677139392666e-07
T2_TAILS,base_t5|CVAR,1013,base_t5,a7fd644e9383cdcbc400adfdd51c261145563e10f1206096fd8b31499908bdff,TIER2,false,plain,none,999,1.6823279058117376e-06,1.602398885799188e-08,0.000411832496687916,0.21097237995685378,0.24862584727689696,0.013290010734982448,-0.2377841611266908,6.52836129512928,0.00042201826499277395,0.0020094887887753825,0.0033619801691748153,0.00031075107065976494,0.00013649683056412182,6.725672523983545e-05,0.021452285907655834,-0.0006711708805530098,0.0,200,0,0.0,199,1,0,7.225305350025428e-11,3.459978468767125e-16,0,0,2800,0,2.606991700013168,2.59375,10.755564503197093,369,2.552385890080343e-06,9.270217068177967e-09,630,1.1727225150258403e-06,2.0000092299417435e-08
T2_TAILS,base_t5|CVAR,1014,base_t5,a7fd644e9383cdcbc400adfdd51c261145563e10f1206096fd8b31499908bdff,TIER2,false,plain,none,999,-5.7075807406572055e-06,3.0467731917075916e-07,-0.0016686463999387097,-0.1641467435785878,-0.12422292592183024,-0.010340272905476948,-0.35240374740717917,6.2235983072311685,-0.001475581068898224,0.008762344687983422,0.02316832076222167,0.0013371151594627362,0.0012193463031525873,0.00043198636781376646,0.10591460318540764,0.0054328821916013745,0.0,200,0,0.0,200,0,0,4.6488244571939126e-11,3.1583081090413375e-16,0,0,3646,0,2.689645400037989,2.6875,11.215309498657007,369,3.349121156950212e-05,3.971323769432857e-07,630,-2.8666873379464812e-05,2.49640974960406e-07
T2_TAILS,base_t5|CVAR,1015,base_t5,a7fd644e9383cdcbc400adfdd51c261145563e10f1206096fd8b31499908bdff,TIER2,false,plain,none,999,-8.160772958168408e-06,1.7322056621759967e-07,-0.0021874695335189443,-0.31126611052583814,-0.3018067904201837,-0.01960792190508838,-0.3989964456723616,21.120995036983622,-0.0020761716968157318,0.0066069344394231065,0.017097648551287314,0.0010354217623296158,0.0004182234094668583,0.00017383720692569046,0.05615749293304301,0.004292418199939408,0.015015015015015015,200,0,0.0,200,0,0,3.835087717607255e-12,2.7378072080414883e-16,0,0,3084,0,2.7387166999978945,2.71875,11.429068002325948,369,-7.851931519137498e-06,3.118860748446207e-07,630,-8.34166580102937e-06,9.23688294610578e-08
T2_TAILS,base_t5|CVAR,1016,base_t5,a7fd644e9383cdcbc400adfdd51c261145563e10f1206096fd8b31499908bdff,TIER2,false,plain,none,999,5.240726938823567e-05,7.683878192057358e-07,0.012625730694515853,0.949077257264963,0.9701907392337096,0.059786247564532415,0.9612154558562988,12.981041827817085,0.01319593777439998,0.013915233754409066,0.0217119112158948,0.0019929440315005053,0.0007448304836804379,0.0003323441758524943,0.09609562683742544,-0.0025430736169226834,0.0,200,0,0.0,197,3,0,7.806588999665384e-08,3.3004024555226194e-16,0,0,3105,0,2.6593318000086583,2.609375,10.991064499539789,369,3.2490225086477202e-06,1.285222647725828e-08,630,8.119995684628004e-05,1.209391799019622e-06
T2_TAILS,base_t5|CVAR,1017,base_t5,a7fd644e9383cdcbc400adfdd51c261145563e10f1206096fd8b31499908bdff,TIER2,false,plain,none,999,-2.8433077267604995e-06,2.087697082263763e-07,-0.0008743434465627863,-0.09878486109631182,-0.07317061279270078,-0.006222861327592868,0.38512663174778367,7.410252160356202,-0.0007425145056929594,0.007253272811155446,0.01427822529665627,0.0009603872291558635,0.000317189640442708,0.00023730852735705767,0.08422519444729784,0.002420730113985536,0.0,200,0,0.0,198,2,0,5.23849703925726e-11,3.07489137346487e-16,0,0,2950,0,2.7649228000082076,2.703125,11.591625499131624,369,-3.69745379818004e-06,2.399602634808609e-07,630,-2.3430221706433406e-06,1.908527264854393e-07
T2_TAILS,base_t5|CVAR,1018,base_t5,a7fd644e9383cdcbc400adfdd51c261145563e10f1206096fd8b31499908bdff,TIER2,false,plain,none,999,-3.51786566704027e-05,1.5359279934431325e-06,-0.010026183043984489,-0.45060301573650013,-0.40743309929022326,-0.0283853218965358,-1.3887008220903396,16.600986419520574,-0.009017841593245701,0.019673684310460748,0.0821677728691377,0.00314884946508885,0.00210337762788789,0.0007211513458498285,0.1711344628561644,0.0013477161714441984,0.11011011011011011,200,0,0.0,199,1,0,1.4844931683327128e-10,3.432946923091932e-16,0,0,3375,0,2.6103980999905616,2.59375,10.822571501194034,369,7.3529812537455925e-06,2.029728116681389e-07,630,-6.009004459740384e-05,2.316540032039751e-06
T2_TAILS,base_t5|CVAR,1019,base_t5,a7fd644e9383cdcbc400adfdd51c261145563e10f1206096fd8b31499908bdff,TIER2,false,plain,none,999,2.5750162540313544e-05,1.2554117530993588e-05,-0.00300187189327214,0.11536847449657471,0.15326290936937537,0.007267530777496055,-0.433522890366089,8.75822884907672,0.004919158084373931,0.05624622314262873,0.08639001243694594,0.00872357406896005,0.00628083635791019,0.0024011336438440663,0.5356570474835242,-0.00033482800105607457,0.12512512512512514,200,0,0.0,200,0,0,1.2950142486145566e-09,3.4565666604652254e-16,0,0,3339,0,2.659947500040289,2.640625,11.08012300072005,369,4.768629454948489e-06,4.466975427703804e-06,630,3.8039346204598795e-05,1.7305094992796298e-05
T2_TAILS,base_t5|CVAR,1020,base_t5,a7fd644e9383cdcbc400adfdd51c261145563e10f1206096fd8b31499908bdff,TIER2,false,plain,none,999,-5.43624319113698e-06,5.661798897501314e-07,-0.0017979652808176184,-0.11468904260012304,-0.08286943061144464,-0.007224730591048052,-0.5188632377251448,7.330004369707647,-0.0014401856628740717,0.011944761706163631,0.016357042024866403,0.0018058366220763621,0.0012195878122794926,0.00048790542492559613,0.1380999759224448,0.004418963831188671,0.13513513513513514,200,0,0.0,200,0,0,5.480963884330513e-11,3.204758180813784e-16,0,0,3096,0,2.633527799975127,2.640625,10.922878999263048,369,-2.8987177275947803e-05,5.181358672863694e-07,630,8.357875344252215e-06,5.946724821895686e-07
T2_TAILS,base_t5|CVAR,1021,base_t5,a7fd644e9383cdcbc400adfdd51c261145563e10f1206096fd8b31499908bdff,TIER2,false,plain,none,999,2.684177336306145e-05,9.282957189588602e-07,0.006062335323958587,0.4422504685328146,0.47711648623259173,0.027859160879514847,0.6389351353680764,19.496189040576336,0.006669383015833086,0.015294787385826349,0.03335619793585018,0.0025185731180564774,0.0018364307158033556,0.00047981322481832,0.09211818565375712,-0.0009243952966890036,0.08008008008008008,200,0,0.0,198,2,0,7.151039374053862e-10,3.2806379271614573e-16,0,0,2678,0,2.6203401999664493,2.625,10.886725001910236,369,1.1047354616096e-06,2.6829845984327705e-10,630,4.191632413391182e-05,1.4721030323966107e-06
T2_TAILS,base_t5|CVAR,1022,base_t5,a7fd644e9383cdcbc400adfdd51c261145563e10f1206096fd8b31499908bdff,TIER2,false,plain,none,999,6.727023367729305e-05,2.4114782513781362e-05,-0.0012786766937408621,0.21746107568055978,0.2695147607288524,0.013698760144937075,-0.2714251734258754,5.75210222445753,0.01401085412419345,0.0779546354841898,0.16534940256373737,0.011771810633137335,0.010313528699276707,0.004060902782264274,0.7906007365147473,0.0014300789571319457,0.0,200,0,0.0,200,0,0,3.470850010178772e-09,3.335060137177124e-16,0,0,4165,0,2.6488984000170603,2.625,11.022555499803275,369,0.00014610230209860444,1.2344258335165487e-05,630,2.1097165030524953e-05,3.103375135584201e-05
T2_TAILS,base_t5|CVAR,1023,base_t5,a7fd644e9383cdcbc400adfdd51c261145563e10f1206096fd8b31499908bdff,TIER2,false,plain,none,999,6.364742304212036e-05,1.0578707954438865e-06,0.015239400285258753,0.9823466786759322,1.0173283120309118,0.06188202411968556,0.087473526744627,5.787789474214967,0.01603267231631289,0.01632738314770188,0.01758401048862485,0.0023036064971150272,0.001058240941620823,0.0005551328060419071,0.1731570313409838,0.000457436569750789,0.0,200,0,0.0,200,0,0,4.899331380934353e-11,3.1656280247804753e-16,0,0,3591,0,2.8637476000003517,2.84375,11.944645497424062,369,0.00010171056277185272,1.0731022999874733e-06,630,4.135329834327713e-05,1.0492935956413801e-06
T2_TAILS,base_t5|CVAR,1024,base_t5,a7fd644e9383cdcbc400adfdd51c261145563e10f1206096fd8b31499908bdff,TIER2,false,plain,none,999,9.671126515071011e-05,6.002750128236816e-06,0.019833159721031914,0.6266170420735322,0.6802854373776862,0.03947316334765389,0.32022259221319616,6.934893739353003,0.023896038292740895,0.038893354603526775,0.07190174179141567,0.00527550529744921,0.004476143226822756,0.0019182591369829804,0.5171060716701428,0.0030393183093343035,0.0,200,0,0.0,200,0,0,4.4156249490168165e-10,2.6758875184217387e-16,0,0,3665,0,2.7462580999708734,2.6875,11.463829498679843,369,0.00030530237174542044,7.18296265394097e-06,630,-2.546352585476308e-05,5.281327950796677e-06
T2_TAILS,base_t5|CVAR,1025,base_t5,a7fd644e9383cdcbc400adfdd51c261145563e10f1206096fd8b31499908bdff,TIER2,false,plain,none,999,1.8616568550651777e-06,9.267978564802826e-07,-0.00023152165202266892,0.030697810010478967,0.07016100209811692,0.0019337802638580105,-0.5054305561439563,9.972271863151006,0.0003525016395720115,0.01528244286208953,0.029205645971304508,0.002347973397661851,0.001198265746104245,0.0005327702493240586,0.1516952920376032,-0.0051891711239315345,0.0,200,0,0.0,200,0,0,7.842667456913151e-11,3.449047964300067e-16,0,0,3366,0,2.851563400006853,2.8125,11.948143500485457,369,2.657157611799139e-05,1.1068815712738319e-06,630,-1.2611295856077318e-05,8.223443158522362e-07
T2_TAILS,base_t5|CVAR,1026,base_t5,a7fd644e9383cdcbc400adfdd51c261145563e10f1206096fd8b31499908bdff,TIER2,false,plain,none,999,5.881052024436806e-05,2.104262170308291e-06,0.013229428900827683,0.6435841913654721,0.6838558063757116,0.04054199328775338,1.6294339927667658,20.32587334803351,0.01466183179786662,0.023027680450225317,0.030884737873877452,0.003003917030658467,0.0016628586829414878,0.0008253801513375275,0.2386921614730255,-0.002743234985089498,0.0,200,0,0.0,199,1,0,1.345440541526628e-09,3.342637697863934e-16,0,0,3453,0,2.7811755999573506,2.78125,11.63127599778818,369,6.96001092425322e-05,2.1988539838166696e-06,630,5.2490903831157636e-05,2.052157809293289e-06
T2_TAILS,base_t5|CVAR,1027,base_t5,a7fd644e9383cdcbc400adfdd51c261145563e10f1206096fd8b31499908bdff,TIER2,false,plain,none,999,-3.339444511125551e-05,2.6489965550728104e-06,-0.010418041563671434,-0.32571203440651936,-0.2888985803905373,-0.02051792957287056,0.4274576331072026,16.08112252239213,-0.008710695038622873,0.025836933484420094,0.06020866347253948,0.0040026626156225145,0.00217994544674779,0.0008490188537419558,0.21713187818581123,-2.8150452305935784e-05,0.0,200,0,0.0,200,0,0,1.2594784767003095e-10,3.193790128765257e-16,0,0,3617,0,2.7375860999454744,2.71875,11.427562500175554,369,1.5361245519319364e-05,3.4982434635242514e-07,630,-6.195134962344936e-05,3.996140354872514e-06
T2_TAILS,base_t5|CVAR,1028,base_t5,a7fd644e9383cdcbc400adfdd51c261145563e10f1206096fd8b31499908bdff,TIER2,false,plain,none,999,9.721292933121909e-05,2.7668642502412264e-06,0.022405908818284845,0.9277487425090747,0.9704900976170571,0.058442677424569274,0.5158653896787542,11.738380480133705,0.024442387896321804,0.026405487896662486,0.024122144097519827,0.0035313715979305702,0.0027869686198870474,0.0011944852368674496,0.3422708786949275,0.009686161851986399,0.0,200,0,0.0,199,1,0,3.807104127238209e-09,3.0120809270170075e-16,0,0,3793,0,2.7378909999970347,2.734375,11.33518350252416,369,8.31868138390912e-05,1.4415212674065145e-06,630,0.00010542822554803687,3.54647946243291e-06
T2_TAILS,base_t5|CVAR,1029,base_t5,a7fd644e9383cdcbc400adfdd51c261145563e10f1206096fd8b31499908bdff,TIER2,false,plain,none,999,-3.606658146360042e-05,6.03843707354474e-07,-0.00954528437158729,-0.7367887364581127,-0.7155460648319165,-0.04641332774908749,-2.866096561567405,42.44286251888473,-0.009123198613476546,0.012335664321524295,0.043181003928888975,0.00219347142905989,0.001108773240701727,0.0002520632220785567,0.04404945955087566,0.00022259788387396796,0.8408408408408409,200,0,0.0,199,1,0,9.376523587762778e-10,3.4084421127730643e-16,0,0,580,0,2.2427878999733366,2.234375,9.06875300075626,369,0.0,0.0,630,-5.719129346370924e-05,9.568758119072565e-07
T2_TAILS,base_t5|EW,1000,base_t5,755bd7d482ca41e5f47b012a652a386768d14d1ec7d7b9858fd0a6317828d008,TIER2,false,none,none,999,0.0008329757871852023,0.00018075508330460792,0.07325905539238739,0.9835294942741677,0.9186376452661927,0.06195653449872792,0.6089235872920324,7.3633129166394635,0.20588916373212607,0.21342511799870512,0.1802020230375941,0.02780600328461229,0.008049757577272162,0.001344700956830841,0.9996398320158061,0.9996398320158061,0.0,200,0,0.0,0,0,0,0.0,7.023687474150223e-16,0,0,5827,0,0.29779889999190345,0.296875,0.0,369,0.0012949914819142048,0.00025843986371589146,630,0.0005623665945582152,0.00013539396283324833
T2_TAILS,base_t5|EW,1001,base_t5,755bd7d482ca41e5f47b012a652a386768d14d1ec7d7b9858fd0a6317828d008,TIER2,false,none,none,999,0.00012089269613875593,0.0001763187227970292,-0.10283199500758756,0.14452770886165248,0.0787918934440655,0.009104389885854249,-0.17445000503005798,7.442309007700131,0.008259410021206781,0.21078974867116132,0.3798968524983676,0.02966322000197885,0.0075289089241377645,0.001177336708091765,0.9997615038082822,0.9997615038082822,0.0,200,0,0.0,0,0,0,0.0,5.918017584297583e-16,0,0,5790,0,0.2941685999976471,0.296875,0.0,369,9.970534679092547e-06,0.00015959631278195948,630,0.00018586139070798734,0.0001863711335232325
T2_TAILS,base_t5|EW,1002,base_t5,755bd7d482ca41e5f47b012a652a386768d14d1ec7d7b9858fd0a6317828d008,TIER2,false,none,none,999,9.282696851081335e-05,0.00018623485532146287,-0.11740115455830095,0.10798015715099087,0.044069186523009965,0.0068021105321713,-0.2794937528351666,6.9324224910544645,-0.00012143960534916065,0.2166360624203843,0.5024154355816093,0.03063604714724902,0.007597618826602765,0.00121520468584275,0.999585899584934,0.999585899584934,0.0,200,0,0.0,0,0,0,0.0,5.815416492124152e-16,0,0,5701,0,0.28293480002321303,0.28125,0.0,369,0.0007412025017608678,0.00018508426484012747,630,-0.00028693584382136146,0.00018681302617267823
T2_TAILS,base_t5|EW,1003,base_t5,755bd7d482ca41e5f47b012a652a386768d14d1ec7d7b9858fd0a6317828d008,TIER2,false,none,none,999,0.0005782864278463504,0.00025019037290148596,-0.04341574209624311,0.580374032753981,0.5267310365310554,0.0365601275730164,0.9269488681132684,12.016400077176932,0.12130287061319978,0.25109355621197144,0.25667287074522077,0.031455774022491695,0.008141601135576184,0.0012822233536334692,0.9997570975785588,0.9997570975785588,0.0,200,0,0.0,0,0,0,0.0,6.228891229836662e-16,0,0,5505,0,0.28055760002462193,0.265625,0.0,369,0.0010687657621115856,0.0002502735401210293,630,0.0002910056749195697,0.0002503156836629156
T2_TAILS,base_t5|EW,1004,base_t5,755bd7d482ca41e5f47b012a652a386768d14d1ec7d7b9858fd0a6317828d008,TIER2,false,none,none,999,-0.00039401932410125355,0.00020699627972958857,-0.25578205714908486,-0.43474692814008187,-0.49468661520824153,-0.0273864822644744,-0.48618615826877437,7.272593568416876,-0.11797108685833635,0.22839234333019204,0.4928850795384064,0.03380694005903703,0.008897719983451804,0.001461493507936493,0.9996588849019061,0.9996588849019061,0.0,200,0,0.0,0,0,0,0.0,6.969355716391419e-16,0,0,5598,0,0.285470400005579,0.28125,0.0,369,-0.00021540897833615574,0.0002908354981157666,630,-0.0004986339551922394,0.00015824508313728373
T2_TAILS,base_t5|EW,1005,base_t5,755bd7d482ca41e5f47b012a652a386768d14d1ec7d7b9858fd0a6317828d008,TIER2,false,none,none,999,0.0005343299588858586,0.00015401319052276005,0.018217177604029765,0.683487909347267,0.6128598648265872,0.043055691244103036,-0.15965943346207895,7.847019401072944,0.12211155363539627,0.19700589841864008,0.34141033670117993,0.026435012378078424,0.007270192379557876,0.0010238210696878103,0.9997039045944686,0.9997039045944686,0.0,200,0,0.0,0,0,0,0.0,5.187005108849874e-16,0,0,5502,0,0.28712170000653714,0.28125,0.0,369,0.001393112933853407,0.0001641798068049161,630,3.132850211915168e-05,0.00014762393977605363
T2_TAILS,base_t5|EW,1006,base_t5,755bd7d482ca41e5f47b012a652a386768d14d1ec7d7b9858fd0a6317828d008,TIER2,false,none,none,999,0.0004695917997063597,0.0001743834440902975,-0.013496750206262273,0.5645054633058262,0.49864769001731546,0.03556050165820271,-0.023003320535511202,6.293033864918464,0.10115888645115323,0.20962974004361826,0.31033451853299976,0.029261113112078158,0.00820750311800829,0.0013193968894684317,0.9997679852568001,0.9997679852568001,0.0,200,0,0.0,0,0,0,0.0,5.146780324428498e-16,0,0,5898,0,0.3092616000212729,0.3125,0.0,369,0.0006386266569125634,0.00014462871404953524,630,0.00037058566905701193,0.00019204227612117374
T2_TAILS,base_t5|EW,1007,base_t5,755bd7d482ca41e5f47b012a652a386768d14d1ec7d7b9858fd0a6317828d008,TIER2,false,none,none,999,0.00044779259942529003,0.000275745955492031,-0.09562020729680237,0.42807770202984763,0.3758251742794015,0.026966360509118725,0.2102701583608576,10.503648747815145,0.08130722341066421,0.2636057298011404,0.3570319038094938,0.03570705523171329,0.00901226473266478,0.0015265193238070231,0.9997512208396169,0.9997512208396169,0.0,200,0,0.0,0,0,0,0.0,5.647377614855255e-16,0,0,5931,0,0.29513079999014735,0.296875,0.0,369,0.00031480810945775533,0.00021034009199903564,630,0.0005256835149777033,0.00031443396152624434
T2_TAILS,base_t5|EW,1008,base_t5,755bd7d482ca41e5f47b012a652a386768d14d1ec7d7b9858fd0a6317828d008,TIER2,false,none,none,999,0.0002684526526602583,0.00015656088619967742,-0.050709961496571046,0.34058564128150826,0.27110268015506334,0.021454878736912493,0.5673065749127382,6.575479689194999,0.04919999247186002,0.19862865685071404,0.3786873125930726,0.025615407387635538,0.00766698300320481,0.0012544498971208933,0.9997863116900414,0.9997863116900414,0.0,200,0,0.0,0,0,0,0.0,7.687721299412702e-16,0,0,5935,0,0.3116011000238359,0.3125,0.0,369,0.0012473649001032653,0.00018069463702267302,630,-0.0003049102351277887,0.0001417987715767925
T2_TAILS,base_t5|EW,1009,base_t5,755bd7d482ca41e5f47b012a652a386768d14d1ec7d7b9858fd0a6317828d008,TIER2,false,none,none,999,0.00017809827255153062,0.00019541678015446128,-0.102854321113787,0.20224558550265478,0.13879761878555755,0.01274027435715892,-0.1681821416479994,7.564611655923202,0.020436906707782754,0.22191220921554597,0.40050648782531206,0.032627073464503366,0.007299959856098048,0.0010605779437510715,0.9996933054241628,0.9996933054241628,0.0,200,0,0.0,0,0,0,0.0,6.000601913470554e-16,0,0,5753,0,0.30486870004097,0.3125,0.0,369,0.0005440582269496067,0.00017218665452168659,630,-3.624970073877108e-05,0.0002091937891866703
T2_TAILS,base_t5|EW,1010,base_t5,755bd7d482ca41e5f47b012a652a386768d14d1ec7d7b9858fd0a6317828d008,TIER2,false,none,none,999,-0.00038919119477243645,0.0002063228058147317,-0.25405622227859115,-0.4301200214918313,-0.49127544497653036,-0.027095014542312917,-0.3115685394245526,8.715755138215501,-0.11678600045776621,0.22802049702891272,0.4652576910982897,0.03461124242096385,0.008419591408451414,0.0012760110985359729,0.9997683380325143,0.9997683380325143,0.0,200,0,0.0,0,0,0,0.0,5.539576162660686e-16,0,0,5916,0,0.30144880001898855,0.28125,0.0,369,-0.0008949815652844798,0.0002026089995345286,630,-9.29425491868111e-05,0.00020858562559919474
T2_TAILS,base_t5|EW,1011,base_t5,755bd7d482ca41e5f47b012a652a386768d14d1ec7d7b9858fd0a6317828d008,TIER2,false,none,none,999,0.00030592697438016936,0.0001712800196878034,-0.05239409734017669,0.3710775579353269,0.30445889240614127,0.023375688938429468,0.16483870584413407,6.5803886466015395,0.05712646939735033,0.20775602268364318,0.1901885219456679,0.02940641693278236,0.008033708310219798,0.0012836474624078338,0.9997277748134925,0.9997277748134925,0.0,200,0,0.0,0,0,0,0.0,5.75746603054823e-16,0,0,5832,0,0.28609419998247176,0.28125,0.0,369,0.0002623813674693929,0.00018584651060946203,630,0.00033143225842790987,0.0001630283532777671
T2_TAILS,base_t5|EW,1012,base_t5,755bd7d482ca41e5f47b012a652a386768d14d1ec7d7b9858fd0a6317828d008,TIER2,false,none,none,999,0.00022284103898344892,0.00021226809146685028,-0.10431873532510967,0.24280246275717124,0.18289862751454847,0.015295117480226123,-0.12899512137567845,7.18756715171694,0.029824819911345557,0.23128242269927535,0.4759070022030407,0.03429194978054148,0.007500106225653247,0.0011258016983609867,0.9997381685389107,0.9997381685389107,0.0,200,0,0.0,0,0,0,0.0,5.687842210316226e-16,0,0,5903,0,0.3029276999877766,0.296875,0.0,369,-0.0009346228455515076,0.0002539158687204827,630,0.0009007841713539234,0.00018699301366928946
T2_TAILS,base_t5|EW,1013,base_t5,755bd7d482ca41e5f47b012a652a386768d14d1ec7d7b9858fd0a6317828d008,TIER2,false,none,none,999,0.0003632448402383108,0.00019649280221455093,-0.057010858734146186,0.4113641127185565,0.34879786827132797,0.02591350334642959,0.16202957301706974,6.28746599500552,0.06911158620381475,0.22252232732484808,0.2989696155633168,0.031512162112209,0.007818623537194194,0.0011020879048206048,0.9995619907171465,0.9995619907171465,0.0,200,0,0.0,0,0,0,0.0,6.489048089495761e-16,0,0,5714,0,0.2909149000188336,0.296875,0.0,369,0.0005352068433797602,0.00015754316568693488,630,0.000262524238398319,0.00021956538766454095
T2_TAILS,base_t5|EW,1014,base_t5,755bd7d482ca41e5f47b012a652a386768d14d1ec7d7b9858fd0a6317828d008,TIER2,false,none,none,999,-0.000630801156136672,0.00026210911768096904,-0.35711638431325393,-0.6185170655427044,-0.6720330759510206,-0.038962912787510316,0.17431467589024896,8.648523237765058,-0.17471091940464556,0.25700485920621075,0.5888335974706895,0.03838860873133958,0.008032369614570187,0.0014440479160801117,0.9995756245927718,0.9995756245927718,0.0,200,0,0.0,0,0,0,0.0,5.991150251307899e-16,0,0,5389,0,0.2856839000014588,0.28125,0.0,369,-0.001872699102718943,0.00027065114341932173,630,9.659621257580099e-05,0.0002560935273800348
T2_TAILS,base_t5|EW,1015,base_t5,755bd7d482ca41e5f47b012a652a386768d14d1ec7d7b9858fd0a6317828d008,TIER2,false,none,none,999,3.087410177311785e-05,0.00019482359473615125,-0.13950636397370464,0.03511347614482759,-0.02792488090763176,0.0022119410844336387,-0.643940218696105,14.361383347804274,-0.016782316134301367,0.22157514723792945,0.40328553177440835,0.032730669531657035,0.008104064754595816,0.0012638679549601425,0.9994542123592941,0.9994542123592941,0.0,200,0,0.0,0,0,0,0.0,6.136630587463282e-16,0,0,5644,0,0.2982211000053212,0.296875,0.0,369,3.344049568420979e-05,0.000251379978659823,630,2.937092819662114e-05,0.0001620446924419497
T2_TAILS,base_t5|EW,1016,base_t5,755bd7d482ca41e5f47b012a652a386768d14d1ec7d7b9858fd0a6317828d008,TIER2,false,none,none,999,0.0009971264180707385,0.00023487148710304222,0.07371301310392618,1.03284545868929,0.9773566331635478,0.06506314824891184,-0.5675292077535838,19.47807640003651,0.24782534318430716,0.24328504834857123,0.2504624244683488,0.030588046363762667,0.007973576464033006,0.0013837027998385811,0.9997459021696402,0.9997459021696402,0.0,200,0,0.0,0,0,0,0.0,6.757795384155948e-16,0,0,5528,0,0.3170035000075586,0.3125,0.0,369,0.0015214479688596203,0.00024405172824974296,630,0.000690023795465822,0.00022961820131974322
T2_TAILS,base_t5|EW,1017,base_t5,755bd7d482ca41e5f47b012a652a386768d14d1ec7d7b9858fd0a6317828d008,TIER2,false,none,none,999,0.00012018790520183219,0.00015641352130230446,-0.08796126999368045,0.1525541018948315,0.08173665127346462,0.00961000512134599,-0.14292944254934603,4.735104851240273,0.010627202804080138,0.1985351539858388,0.25790211916717654,0.028716693450933056,0.007039313387753218,0.0010367610926273506,0.999534233560728,0.999534233560728,0.0,200,0,0.0,0,0,0,0.0,7.020190812951616e-16,0,0,5204,0,0.2993682000087574,0.296875,0.0,369,0.00017799226507370016,0.00017494918569505672,630,8.633106584830951e-05,0.0001458146880891348
T2_TAILS,base_t5|EW,1018,base_t5,755bd7d482ca41e5f47b012a652a386768d14d1ec7d7b9858fd0a6317828d008,TIER2,false,none,none,999,-0.00011347084673160899,0.00022815035649996276,-0.20107632289033728,-0.11925428424707038,-0.17739005100153254,-0.007512313783256091,-1.3292585690984122,18.859792327097182,-0.056137107222221316,0.23977883525864124,0.44308428758425,0.03553231929579963,0.008226166785653572,0.0013051397697713967,0.9996965301858521,0.9996965301858521,0.0,200,0,0.0,0,0,0,0.0,5.826317302610295e-16,0,0,5842,0,0.28736010001739487,0.265625,0.0,369,-0.0002343684838537636,0.00019685851922001952,630,-4.265937356006129e-05,0.0002468069448889473
T2_TAILS,base_t5|EW,1019,base_t5,755bd7d482ca41e5f47b012a652a386768d14d1ec7d7b9858fd0a6317828d008,TIER2,false,none,none,999,-0.0004662621709976661,0.0002335730866894221,-0.29407932062861497,-0.4843051105382105,-0.5412878837882596,-0.030508354313375046,0.11908599250778232,6.9489220378647545,-0.13665539827545026,0.24261166057247613,0.4937465561411806,0.036743917667845565,0.008852631346063337,0.0013946560723417207,0.9995499759218172,0.9995499759218172,0.0,200,0,0.0,0,0,0,0.0,5.489459088807674e-16,0,0,5591,0,0.29158010001992807,0.296875,0.0,369,-0.00029393607149141913,0.00019392926751375276,630,-0.0005671960292798965,0.00025711064217235995
T2_TAILS,base_t5|EW,1020,base_t5,755bd7d482ca41e5f47b012a652a386768d14d1ec7d7b9858fd0a6317828d008,TIER2,false,none,none,999,-0.00020994807823165269,0.000174729730321791,-0.18500259183765047,-0.2521324655663993,-0.31855166483368436,-0.015882852412720205,-0.1297391595062509,5.871689303279675,-0.07221209520657745,0.20983777553408092,0.44030987501483965,0.03146238345472513,0.007807806322045871,0.0011144096033620127,0.9996188519970379,0.9996188519970379,0.0,200,0,0.0,0,0,0,0.0,5.197208817021135e-16,0,0,5792,0,0.2902943000080995,0.28125,0.0,369,-0.00041701500757624445,0.00022986255858267228,630,-8.866601961553463e-05,0.00014271186154652668
T2_TAILS,base_t5|EW,1021,base_t5,755bd7d482ca41e5f47b012a652a386768d14d1ec7d7b9858fd0a6317828d008,TIER2,false,none,none,999,-5.482650204273802e-05,0.00013465268155583577,-0.11561370577098182,-0.07500380665820663,-0.1512961548888065,-0.004724795709542506,-0.38052756925308096,6.102453545654249,-0.03035445212714427,0.1842076973203634,0.41448165205786686,0.028355991730621782,0.007736788684973639,0.0012321705172383159,0.9995319086604194,0.9995319086604194,0.0,200,0,0.0,0,0,0,0.0,5.3727918609968815e-16,0,0,5505,0,0.2816288000321947,0.28125,0.0,369,-0.00013030656125933795,0.00016115950493081173,630,-1.0616753073015212e-05,0.00011935348928564333
T2_TAILS,base_t5|EW,1022,base_t5,755bd7d482ca41e5f47b012a652a386768d14d1ec7d7b9858fd0a6317828d008,TIER2,false,none,none,999,0.0005738103758635775,0.00023713541428748073,-0.03467415848371392,0.5915213968969125,0.5360934103296306,0.037262345508637246,1.1242455073727025,19.718324136192706,0.12190013026561597,0.24445474918774873,0.2884107685020172,0.03391902309655698,0.008843319819281147,0.0016292470033433056,0.9996018712692015,0.9996018712692015,0.0,200,0,0.0,0,0,0,0.0,5.399504577508661e-16,0,0,5412,0,0.2815979000297375,0.28125,0.0,369,0.00018212737918553199,0.00019196844117726412,630,0.0008032247024892898,0.000263794895504658
T2_TAILS,base_t5|EW,1023,base_t5,755bd7d482ca41e5f47b012a652a386768d14d1ec7d7b9858fd0a6317828d008,TIER2,false,none,none,999,0.0006055302844636671,0.00018702695879075062,0.011201250839036649,0.702884607632493,0.6392406752046472,0.04427756838501878,0.18005857904587297,6.942759661169493,0.13775557462547128,0.2170962772948195,0.23981602897683416,0.030310882849484955,0.007466521006600031,0.0010880694548659705,0.9997431819255815,0.9997431819255815,0.0,200,0,0.0,0,0,0,0.0,6.148745988912909e-16,0,0,5938,0,0.3106114999973215,0.3125,0.0,369,0.001303151527742671,0.00018355512917960347,630,0.00019692355625739342,0.00018890278164398312
T2_TAILS,base_t5|EW,1024,base_t5,755bd7d482ca41e5f47b012a652a386768d14d1ec7d7b9858fd0a6317828d008,TIER2,false,none,none,999,0.0008483145449016421,0.00021472222218374637,0.05144526534430154,0.9190067202437875,0.8587794159132636,0.05789198178481357,0.47326691752376787,7.342642219352405,0.20539388073707765,0.23261556265715347,0.2618205830102486,0.030262452196580927,0.007450431167395516,0.0010567270627979272,0.999611102876796,0.999611102876796,0.0,200,0,0.0,0,0,0,0.0,6.26426799799396e-16,0,0,5497,0,0.28445239999564365,0.28125,0.0,369,0.0005897447657208178,0.00025961678441299046,630,0.0009997625584218393,0.00018873558085193089
T2_TAILS,base_t5|EW,1025,base_t5,755bd7d482ca41e5f47b012a652a386768d14d1ec7d7b9858fd0a6317828d008,TIER2,false,none,none,999,3.5222998176982655e-05,0.0001912776305360323,-0.13572969314464076,0.04042913961151559,-0.022480020313850702,0.0025467964079138273,0.1633821030963607,5.98764607156429,-0.015061917631456256,0.21954945432653697,0.47473067014560916,0.031470034668574697,0.00803650557756249,0.001325567890763167,0.9996129932842587,0.9996129932842587,0.0,200,0,0.0,0,0,0,0.0,6.846935139540201e-16,0,0,5365,0,0.2833127999911085,0.28125,0.0,369,0.0010182280179191364,0.00020615028113145264,630,-0.0005405370848148502,0.00018198149879473656
T2_TAILS,base_t5|EW,1026,base_t5,755bd7d482ca41e5f47b012a652a386768d14d1ec7d7b9858fd0a6317828d008,TIER2,false,none,none,999,-0.00031669315452255474,0.00021872402056105365,-0.24516203448384036,-0.33993094856460293,-0.3998845695526226,-0.021413636972291143,-0.1023166210529217,5.1224932375674515,-0.10184410243234754,0.23477319519354317,0.41265055582325927,0.03584935283657438,0.00818711445232322,0.001216266314552607,0.9996676800833156,0.9996676800833156,0.0,200,0,0.0,0,0,0,0.0,6.726330308832421e-16,0,0,5602,0,0.2947765000280924,0.28125,0.0,369,-0.0002745805590915143,0.00022527592405153187,630,-0.0003413591032750213,0.00021523687561302737
T2_TAILS,base_t5|EW,1027,base_t5,755bd7d482ca41e5f47b012a652a386768d14d1ec7d7b9858fd0a6317828d008,TIER2,false,none,none,999,8.790268113096862e-05,0.00019123550870039452,-0.12242256893249416,0.10090626341191472,0.03988412528411946,0.006356497112302436,0.0578451800918407,9.101050035178229,-0.001922776408745941,0.2195252791650643,0.37571560679582194,0.03227065268899521,0.007904270472668942,0.001272550657912572,0.9996475432212739,0.9996475432212739,0.0,200,0,0.0,0,0,0,0.0,6.301811404170086e-16,0,0,5549,0,0.28988470003241673,0.28125,0.0,369,-0.00022800881679813014,0.000135237650618017,630,0.0002729365584894408,0.0002242085634030666
T2_TAILS,base_t5|EW,1028,base_t5,755bd7d482ca41e5f47b012a652a386768d14d1ec7d7b9858fd0a6317828d008,TIER2,false,none,none,999,0.0005624786007533024,0.00022319219064180444,-0.026988688735371958,0.5976773220842007,0.5397579951558702,0.03765013234518684,-1.4161080434547422,20.289058635047162,0.11982921443656513,0.23715908593544274,0.3568376408444632,0.03571377155617884,0.008149334548463845,0.001154031523715607,0.9997260434277537,0.9997260434277537,0.0,200,0,0.0,0,0,0,0.0,6.15243042810443e-16,0,0,5988,0,0.32211210002424195,0.3125,0.0,369,0.0008907615337814031,0.00012908346429226544,630,0.00037019859712255764,0.00027850561570692557
T2_TAILS,base_t5|EW,1029,base_t5,755bd7d482ca41e5f47b012a652a386768d14d1ec7d7b9858fd0a6317828d008,TIER2,false,none,none,999,0.0014718827375951756,0.00023836288272897468,0.1907121105308794,1.513401526630507,1.4593823239073893,0.09533533507737658,0.5130348202088255,10.427602870557717,0.4061394167423862,0.24508661009467983,0.24099915211644418,0.032433619551799464,0.008001239732088893,0.0014815103458146067,0.9997877978234014,0.9997877978234014,0.0,200,0,0.0,0,0,0,0.0,5.958373837003261e-16,0,0,5852,0,0.3203188999905251,0.3125,0.0,369,0.0012658198119877419,0.0002430294395526934,630,0.00159257673687953,0.0002359721423212851
T2_TAILS,base_t5|MV,1000,base_t5,38b660b339e7e591aaee3fc52acac777d850f53e564f6ebb965cd27e1becf36e,TIER2,false,plain,ewma,999,8.205350629037106e-05,6.196615027050102e-06,0.01599284262472363,0.5232631561587131,0.7416354061650372,0.032962480510445494,-0.1667329961935158,33.516063429905294,0.02009572833198381,0.039516414144208804,0.051508514768927524,0.0058139633257750355,0.03326763822957102,0.008663135005043994,0.3182660364373935,0.0009688796724398385,0.0,200,0,0.0,200,0,0,9.94392110848758e-13,3.044764319193423e-16,0,0,4983,0,1.093064000015147,1.09375,3.1754985032603145,369,0.00026775353012033475,1.5301408631559042e-05,630,-2.6713650524321968e-05,8.47576399099335e-07
T2_TAILS,base_t5|MV,1001,base_t5,38b660b339e7e591aaee3fc52acac777d850f53e564f6ebb965cd27e1becf36e,TIER2,false,plain,ewma,999,-2.5952767431515934e-05,4.10883923239076e-06,-0.009646379852429431,-0.20324710620980743,0.1173545779151704,-0.012803364231540049,-0.2295316722498264,13.403446751895139,-0.007032732997194646,0.032178059086316435,0.06332048138579205,0.005415951904618621,0.03619147766965646,0.009934796010767882,0.3394345007108523,3.552421340010244e-05,0.0,200,0,0.0,199,1,0,7.879924685101679e-13,3.497288598170178e-16,0,0,4983,1,1.0890070999739692,1.0625,3.1907960007083602,369,-1.9394349805128895e-05,2.566835173512721e-07,630,-2.9794126326971202e-05,6.369056997612172e-06
T2_TAILS,base_t5|MV,1002,base_t5,38b660b339e7e591aaee3fc52acac777d850f53e564f6ebb965cd27e1becf36e,TIER2,false,plain,ewma,999,-0.00014351112633353118,5.616360799162677e-06,-0.04041077260021684,-0.9612986748879715,-0.5813054404196856,-0.0605561245097501,-0.4391694301472435,7.338144980029191,-0.03620345566761052,0.0376207777881983,0.16786368955295627,0.006295198464291765,0.05547823031117452,0.013746643870273426,0.5026349212425765,0.00013218799054700033,0.0,200,0,0.0,200,0,0,1.7960699677514918e-12,3.409027766911214e-16,0,0,5093,0,1.0642441000090912,1.03125,3.125355499505531,369,-7.103278074941326e-05,3.6191469240822873e-06,630,-0.00018596272874708597,6.788884363137761e-06
T2_TAILS,base_t5|MV,1003,base_t5,38b660b339e7e591aaee3fc52acac777d850f53e564f6ebb965cd27e1becf36e,TIER2,false,plain,ewma,999,-9.270589700961807e-05,1.2248775467578108e-05,-0.0326219602999128,-0.42049544336938854,-0.0690438410767493,-0.026488723109315382,-0.18582256649140794,8.29288665520928,-0.024598211788823043,0.05555800048444583,0.12782167715878023,0.009182704298441964,0.06984911019018644,0.019660412676803674,0.5648118032323257,0.001355546464367061,0.0,200,0,0.0,200,0,0,1.1579991378410497e-11,3.346694508959193e-16,0,0,4904,0,1.0480376000050455,1.046875,3.070026500208769,369,-0.00019700594605261807,2.3031226123416236e-05,630,-3.1615868284432365e-05,5.949795519756267e-06
T2_TAILS,base_t5|MV,1004,base_t5,38b660b339e7e591aaee3fc52acac777d850f53e564f6ebb965cd27e1becf36e,TIER2,false,plain,ewma,999,0.000106065924845999,1.600800637784027e-05,0.014626560239544506,0.4208308111719822,0.9075304600279341,0.026509849295110643,0.3984515146801739,8.638603791147009,0.025022573026122874,0.06351391664206946,0.10661223049720177,0.008946264252321536,0.09754828558530976,0.030206728486317433,0.7162074169931665,-0.0007849914201554737,0.0,200,0,0.0,200,0,0,9.930508523462396e-12,4.060162905040651e-16,0,0,5373,0,1.044998100027442,1.03125,3.0566895016818307,369,0.0004258279265913557,2.7162246351006894e-05,630,-8.122324760485278e-05,9.412489086147264e-06
T2_TAILS,base_t5|MV,1005,base_t5,38b660b339e7e591aaee3fc52acac777d850f53e564f6ebb965cd27e1becf36e,TIER2,false,plain,ewma,999,2.429030037153589e-05,8.088324882776588e-06,6.382082247943571e-06,0.13558257008500016,0.5377969768039477,0.00854089910856895,0.32687782354157213,9.58882489373073,0.005116658886228587,0.045147069345193386,0.06369538267749417,0.006575242781035087,0.07397885795223574,0.018030143350454976,0.6308351557918539,-0.002346674837189004,0.0,200,0,0.0,200,0,0,1.4948219030254978e-11,3.3913468312327683e-16,0,0,4971,0,1.0431993000092916,1.03125,3.05858099804027,369,4.7868535591454796e-05,7.612571166527738e-06,630,1.0480191171297676e-05,8.379009143630674e-06
T2_TAILS,base_t5|MV,1006,base_t5,38b660b339e7e591aaee3fc52acac777d850f53e564f6ebb965cd27e1becf36e,TIER2,false,plain,ewma,999,4.310645907498686e-06,2.816603709745573e-06,-0.001043069635877984,0.04077366464974766,0.3002691893373058,0.002568499445332805,-0.19500173137646806,9.481481895147304,0.0007319323472398942,0.026641774243767707,0.056917817917753674,0.004158050941062295,0.03174856461872924,0.007116771948113999,0.3318618587658168,-0.0002754899482524583,0.02002002002002002,200,0,0.0,200,0,0,6.107630180060112e-13,3.27589668099643e-16,0,0,4949,0,1.0689622000209056,1.0625,3.0734735022997484,369,-5.070218259082807e-05,5.460067483100956e-06,630,3.653244545651864e-05,1.2716928916132988e-06
T2_TAILS,base_t5|MV,1007,base_t5,38b660b339e7e591aaee3fc52acac777d850f53e564f6ebb965cd27e1becf36e,TIER2,false,plain,ewma,999,1.4230226214369074e-05,5.900961299710492e-06,-0.0008751097365601254,0.09299309265223236,0.4628273930370982,0.005858014209633207,-0.1555679001725203,10.986041077704664,0.002847069895736798,0.03856218675758734,0.10863445969950604,0.006128950689664497,0.05028814566543965,0.014045100318231692,0.4161025837543326,0.0009096735428205233,0.0,200,0,0.0,200,0,0,3.4432528972666087e-12,3.941353230626397e-16,0,0,5032,0,1.0631924000335857,1.046875,3.078172501118388,369,6.68451275766347e-05,1.2836071879529362e-06,630,-1.6587073154957934e-05,8.609176636290923e-06
T2_TAILS,base_t5|MV,1008,base_t5,38b660b339e7e591aaee3fc52acac777d850f53e564f6ebb965cd27e1becf36e,TIER2,false,plain,ewma,999,0.0001305525716669189,1.3925907616952006e-05,0.02237126190164784,0.555359169172951,0.9725554112584686,0.03498433928454945,-0.37793730481729926,15.994899405348727,0.03163281763047143,0.05923958743502444,0.09596845994185409,0.009088419007873178,0.07738668728753842,0.024775393896309204,0.6695064673461697,-0.0005293019685416724,0.0,200,0,0.0,200,0,0,3.602952779054354e-12,4.0887808355571603e-16,0,0,5428,0,1.0781643000082113,1.0625,3.0768329996499233,369,0.00023381272346729247,2.6502033909612983e-05,630,7.007162561241437e-05,6.5803947481424105e-06
T2_TAILS,base_t5|MV,1009,base_t5,38b660b339e7e591aaee3fc52acac777d850f53e564f6ebb965cd27e1becf36e,TIER2,false,plain,ewma,999,0.00021147978049700783,1.6027611590477885e-05,0.0411760303228447,0.8385611089834216,1.4075840090300293,0.05282438460715868,0.24722619090263961,5.676578305221816,0.0526090631668128,0.06355279789907307,0.10609617184058329,0.008754952097544367,0.13269507709040235,0.03641517883152083,0.9471396744581607,0.0008645320514123613,0.0,200,0,0.0,200,0,0,3.83149706326158e-12,3.3563066367013175e-16,0,0,5458,0,1.0523176999995485,1.03125,3.0254450006759726,369,0.00034755049308685874,1.0590291040211383e-05,630,0.00013178122026580942,1.9217003925685185e-05
T2_TAILS,base_t5|MV,1010,base_t5,38b660b339e7e591aaee3fc52acac777d850f53e564f6ebb965cd27e1becf36e,TIER2,false,plain,ewma,999,-8.62027437233533e-05,2.7310363573457748e-06,-0.02378775490443844,-0.8280520154784836,-0.532471144658213,-0.05216237394242559,-0.5771114145876658,9.734897726540417,-0.02182635762413021,0.026233969620534658,0.1065028711696092,0.00461419196379407,0.030287341369423806,0.007299700780417174,0.3220219541021965,-0.0019564030101397933,0.0,200,0,0.0,200,0,0,7.142106576726196e-13,3.4959735745689776e-16,0,0,5121,0,1.0696593999746256,1.0625,3.09877499792492,369,-0.00026941189947505623,5.976439241654405e-06,630,2.110547607407268e-05,8.054124883884129e-07
T2_TAILS,base_t5|MV,1011,base_t5,38b660b339e7e591aaee3fc52acac777d850f53e564f6ebb965cd27e1becf36e,TIER2,false,plain,ewma,999,-2.001635811712101e-05,1.4471575686235366e-06,-0.006138173367393888,-0.2641358941685792,-0.010903092046499039,-0.016638997340374675,-0.4477040697363612,9.120914881744362,-0.005212772032038515,0.019096693622015597,0.04679719607827691,0.003115324301636921,0.02135005854552996,0.004700541086368616,0.23064703908883388,-0.0005185789085844784,0.0,200,0,0.0,200,0,0,5.056043395848288e-13,3.141561279336239e-16,0,0,4898,0,1.0507676000124775,1.015625,3.075975000974722,369,-2.466549797221425e-05,2.880795224560813e-06,630,-1.7293290487709254e-05,6.106803872584876e-07
T2_TAILS,base_t5|MV,1012,base_t5,38b660b339e7e591aaee3fc52acac777d850f53e564f6ebb965cd27e1becf36e,TIER2,false,plain,ewma,999,-0.00026170339936802743,7.483075334378088e-06,-0.07160646159353275,-1.5186915466454969,-1.2053857676553332,-0.0956685750152389,-1.3932379177352558,10.954455244470642,-0.06471383479675041,0.043425050192985135,0.26393858140751475,0.008105288169599956,0.05351681575706434,0.01328670584951512,0.5010752173409943,0.0024001276104225816,0.0,200,0,0.0,200,0,0,4.0989057172364656e-12,3.062417032684631e-16,0,0,5222,0,1.0887323000351898,1.078125,3.1374240020522848,369,-0.0006819185291184806,1.3564749719172782e-05,630,-1.557739479990489e-05,3.7725895738952895e-06
T2_TAILS,base_t5|MV,1013,base_t5,38b660b339e7e591aaee3fc52acac777d850f53e564f6ebb965cd27e1becf36e,TIER2,false,plain,ewma,999,1.8331280105312932e-06,2.2435246788984755e-06,-0.0012341563985933616,0.0194279795819509,0.2527264697599666,0.001223847677387683,0.6477622442513212,12.514115014883558,0.0001797425107161743,0.023777472933060314,0.0822603931855458,0.0034813219028257203,0.02581245723451589,0.005704068178743068,0.3067165066239504,-0.004571014050948225,0.0,200,0,0.0,200,0,0,1.1495388958662177e-12,3.1827339544518534e-16,0,0,4904,0,1.0668636999907903,1.046875,3.1083144998410717,369,2.8207852353606e-05,3.4234711332365082e-06,630,-1.3614924818983893e-05,1.5561100505767287e-06
T2_TAILS,base_t5|MV,1014,base_t5,38b660b339e7e591aaee3fc52acac777d850f53e564f6ebb965cd27e1becf36e,TIER2,false,plain,ewma,999,0.00021222315311399722,6.443236744883508e-06,0.048609147605595364,1.3272141055289413,1.763245057396238,0.0836066299944432,1.0457899112461864,12.181420589112703,0.05407675677470092,0.04029510714355583,0.04802341976482354,0.005077704284764479,0.04952200790746582,0.018304281009192572,0.530804432916196,0.0007485430820373391,0.0,200,0,0.0,199,1,0,4.904623381668397e-12,2.8399298429638657e-16,0,0,5001,1,1.0398286000126973,1.0,3.1153895016177557,369,0.0003089921031831189,1.0072469811561682e-05,630,0.00015554419664494024,4.321465981547895e-06
T2_TAILS,base_t5|MV,1015,base_t5,38b660b339e7e591aaee3fc52acac777d850f53e564f6ebb965cd27e1becf36e,TIER2,false,plain,ewma,999,9.790876022772575e-06,3.5272959259005316e-06,-0.00019933496224211315,0.08275626342351632,0.3850777156311516,0.0052131545821803545,0.4330296734917749,7.363445777157341,0.002025586555852499,0.029814066702262103,0.03818343193140963,0.004080737783772373,0.03956999986512843,0.009458476323951361,0.3734512493679553,-0.0032062001521973426,0.0,200,0,0.0,200,0,0,6.040360149302275e-13,3.367213262024683e-16,0,0,5044,0,1.0451316999970004,1.03125,3.0605280015151948,369,2.931941262412452e-05,4.801643612608651e-06,630,-1.6472668437335644e-06,2.7869846387715713e-06
T2_TAILS,base_t5|MV,1016,base_t5,38b660b339e7e591aaee3fc52acac777d850f53e564f6ebb965cd27e1becf36e,TIER2,false,plain,ewma,999,-5.300462583582814e-05,4.105699842945528e-06,-0.01646107479189551,-0.41526033071561247,-0.14296241333774182,-0.02615894201009398,-0.14065652009219512,13.22391755803271,-0.013778679957050177,0.032165763793547214,0.08847643142081994,0.005127985065623324,0.03745357461276759,0.008811776443213841,0.3666448955622107,-1.6578880049134105e-05,0.0,200,0,0.0,200,0,0,5.003205194838523e-12,2.984611340862457e-16,0,0,4843,0,1.0425924999872223,1.0,3.0479819973697886,369,2.3608119167062714e-05,2.23914668451764e-06,630,-9.787780505180706e-05,5.198804521109442e-06
T2_TAILS,base_t5|MV,1017,base_t5,38b660b339e7e591aaee3fc52acac777d850f53e564f6ebb965cd27e1becf36e,TIER2,false,plain,ewma,999,-6.823839276899741e-05,2.240303861219198e-06,-0.01888974469686906,-0.7237283679083435,-0.4769211135674803,-0.04559060186305086,-0.655355497492029,13.436220747221057,-0.017327014966127208,0.023760399260686633,0.08724344225145206,0.0038575217497270197,0.02723546618047679,0.0061395371980953505,0.29939843874610306,0.0030896395896914067,0.0,200,0,0.0,200,0,0,1.28003710920867e-12,3.441675697849698e-16,0,0,4483,0,1.0182389000547118,1.0,3.0200574986520223,369,-0.00020299417310376062,4.619618323946244e-06,630,1.0689992855649604e-05,8.349416377509137e-07
T2_TAILS,base_t5|MV,1018,base_t5,38b660b339e7e591aaee3fc52acac777d850f53e564f6ebb965cd27e1becf36e,TIER2,false,plain,ewma,999,-7.727847206621078e-05,1.0301970051254396e-05,-0.027262464319433438,-0.38220701657959,-0.026574617053673106,-0.024076778933655618,-0.8929909864353123,12.373156262083487,-0.020560135227782994,0.05095190332967069,0.1249138534116194,0.00838615736499657,0.0631228446619576,0.017610175277167267,0.5382639125183658,-0.0015146856764492096,0.0,200,0,0.0,200,0,0,2.031716718258959e-12,3.0052437343375774e-16,0,0,5168,0,1.0660137999802828,1.0625,3.098429501405917,369,-0.0001387683414285574,1.2473737204284308e-05,630,-4.1262977153979184e-05,9.044226465001854e-06
T2_TAILS,base_t5|MV,1019,base_t5,38b660b339e7e591aaee3fc52acac777d850f53e564f6ebb965cd27e1becf36e,TIER2,false,plain,ewma,999,0.00011721992287744837,1.7790742084837462e-05,0.016089619548979868,0.4411686769238708,0.807818052928459,0.02779101441361814,-0.8265324055967801,25.332680791187823,0.027668978153530643,0.06695720278938659,0.13134428605008674,0.010001817573535321,0.07445835559984151,0.024444632760069092,0.5557432772680987,0.003301289987151234,0.03003003003003003,200,0,0.0,200,0,0,5.006429970874598e-12,3.5178032173301594e-16,0,0,4816,0,1.0573348000179976,1.046875,3.09262550144922,369,0.000266799342079265,2.5390265144484184e-05,630,2.9609120202098645e-05,1.335206893368935e-05
T2_TAILS,base_t5|MV,1020,base_t5,38b660b339e7e591aaee3fc52acac777d850f53e564f6ebb965cd27e1becf36e,TIER2,false,plain,ewma,999,0.00012094864785018301,7.399878464131704e-06,0.02488475113936255,0.7058119294914702,1.038460528935213,0.04446197232897823,-0.0302331448423879,10.910156438086831,0.029986712305155594,0.043182975499161586,0.06066127361984843,0.006390147540655349,0.05387276625857082,0.013961588460081747,0.5048959239604152,-0.002325792620158303,0.0,200,0,0.0,199,1,0,1.991923341840981e-12,3.624603977631344e-16,0,0,5103,0,1.0439740000292659,1.0,3.0526440011453815,369,0.00024440044739633084,1.0790897664049426e-05,630,4.864116525886785e-05,5.413530690740138e-06
T2_TAILS,base_t5|MV,1021,base_t5,38b660b339e7e591aaee3fc52acac777d850f53e564f6ebb965cd27e1becf36e,TIER2,false,plain,ewma,999,0.0001219824783752599,5.437694380381034e-06,0.02662868759899743,0.8304057081411803,1.2341676190390516,0.05231064264357256,0.5710087689244912,7.781739317520176,0.030510185967447034,0.03701754967385092,0.049925452733313246,0.005272067669459526,0.050915282597360195,0.014059316830178612,0.4687049506631239,0.0001372533427932658,0.0,200,0,0.0,200,0,0,2.963430520967898e-12,3.4584866349326555e-16,0,0,4864,1,1.0357895999914035,1.015625,3.063843501440715,369,-8.036992722679011e-06,1.8153562765347677e-06,630,0.0001981367400183384,7.549882744946918e-06
T2_TAILS,base_t5|MV,1022,base_t5,38b660b339e7e591aaee3fc52acac777d850f53e564f6ebb965cd27e1becf36e,TIER2,false,plain,ewma,999,0.00019882048716466548,2.574504600031817e-05,0.030639507989255167,0.6220346363785743,1.2958494295969851,0.03918449892205235,0.1710768401356268,4.834477261625873,0.0479754022076726,0.08054658026310105,0.10822001764289559,0.010990490063254225,0.1342716356720275,0.05378766712619341,0.9717981713202792,0.005256205859277205,0.0,200,0,0.0,200,0,0,4.82742893771937e-12,3.1003720401002967e-16,0,0,5241,8,1.020836399984546,0.984375,3.0095065009663813,369,0.0002481273774740494,2.972434082684618e-05,630,0.00016994073712631202,2.3455605623754374e-05
T2_TAILS,base_t5|MV,1023,base_t5,38b660b339e7e591aaee3fc52acac777d850f53e564f6ebb965cd27e1becf36e,TIER2,false,plain,ewma,999,5.0913003253489294e-05,6.2428966229232005e-06,0.008110446972949362,0.32347141967614745,0.626580602964916,0.02037678411190694,-0.09755731464879734,14.945636499262113,0.012116667503817569,0.03966371073130509,0.06337284122711637,0.006010734377981504,0.04644831124713147,0.011494503391149876,0.45956242618398996,-0.0042400518333789395,0.0,200,0,0.0,200,0,0,5.419226005728461e-12,2.9020021945920333e-16,0,0,5235,0,1.0655800999957137,1.03125,3.0670510040363297,369,3.633609026388244e-05,1.4292587117610881e-05,630,5.9450909433116164e-05,1.5431072154807174e-06
T2_TAILS,base_t5|MV,1024,base_t5,38b660b339e7e591aaee3fc52acac777d850f53e564f6ebb965cd27e1becf36e,TIER2,false,plain,ewma,999,0.00041244693110619314,1.1461076890886959e-05,0.09527205250925012,1.933996277388192,2.3912970222142156,0.1218303139641392,0.7453128172268874,7.434605069814369,0.10791082148178921,0.0537418959146727,0.04253115274222516,0.0068485146360822416,0.08519570467843719,0.02416887220117955,0.7147563860231714,0.0009224025404953992,0.0,200,0,0.0,200,0,0,1.0692127319844815e-11,2.655692583820637e-16,0,0,5020,0,1.0692798999953084,0.984375,3.098661501717288,369,0.0006907100131315868,1.80914820316536e-05,630,0.0002494642687770339,7.528112310935104e-06
T2_TAILS,base_t5|MV,1025,base_t5,38b660b339e7e591aaee3fc52acac777d850f53e564f6ebb965cd27e1becf36e,TIER2,false,plain,ewma,999,2.5990445040559774e-05,6.545466007439291e-06,0.0016012198485969588,0.16126632923408363,0.460844209817667,0.010158823857182158,-0.4889065201707522,11.432442331760663,0.005741347860412027,0.040613512946736104,0.08258330571649751,0.0065725607582061965,0.0498743015722683,0.012108962652474348,0.4380884888602999,0.002620558382481392,0.0,200,0,0.0,200,0,0,3.063031000082953e-12,3.2884413501229443e-16,0,0,4795,0,1.0649537999997847,1.0,3.1273660008446313,369,0.00018813572285587423,8.945075768844175e-06,630,-6.898036053698154e-05,5.127509576951823e-06
T2_TAILS,base_t5|MV,1026,base_t5,38b660b339e7e591aaee3fc52acac777d850f53e564f6ebb965cd27e1becf36e,TIER2,false,plain,ewma,999,0.0001144719469771814,8.084806289722226e-06,0.02273481708321971,0.6390936913134345,0.9833496184114278,0.04025911837346734,0.28990281692036585,11.58793131428026,0.02821918365168674,0.04513724831012632,0.1062149137177443,0.0065447602300842764,0.056324719032267205,0.014793966511113069,0.48723964787858587,0.0006324699807219227,0.0,200,0,0.0,200,0,0,1.6037951182643162e-12,3.1566829824990407e-16,0,0,4981,0,1.076244299998507,1.03125,3.1478474981850013,369,0.00018837375388751674,1.5838936428904318e-05,630,7.118660292969927e-05,3.5559815660306623e-06
T2_TAILS,base_t5|MV,1027,base_t5,38b660b339e7e591aaee3fc52acac777d850f53e564f6ebb965cd27e1becf36e,TIER2,false,plain,ewma,999,0.000142066425097585,6.558656448113372e-06,0.030842394849817708,0.8806113553364258,1.2096112574172602,0.055473301140945584,0.8394030383417279,15.660920499642167,0.03559279053271314,0.04065441458100916,0.035913305766173624,0.00590352595910018,0.049313285524277675,0.013068783575813188,0.40418107225832217,0.0007936576643799889,0.0,200,0,0.0,200,0,0,8.275046932204049e-13,3.260503362901499e-16,0,0,4896,1,1.0757533999858424,1.015625,3.1578704982530326,369,0.00015900437678203385,4.047972764452437e-06,630,0.00013214562482526498,8.037706340065182e-06
T2_TAILS,base_t5|MV,1028,base_t5,38b660b339e7e591aaee3fc52acac777d850f53e564f6ebb965cd27e1becf36e,TIER2,false,plain,ewma,999,-1.5558827555918455e-05,9.87089177812791e-06,-0.011383218728356152,-0.07861382770101025,0.32048621477292427,-0.004952205659708421,-0.031456361325254915,8.657087609164373,-0.0051502079323437755,0.04987448975266046,0.12022736842069665,0.00792521173919883,0.07920073838774894,0.019722002099821414,0.6065666944183117,0.0007605640349512187,0.0,200,0,0.0,199,1,0,1.703464784638557e-11,3.291982988967113e-16,0,0,5477,0,1.0924572999938391,1.078125,3.1117729999823496,369,-0.00019251002500028563,1.0391705205486672e-05,630,8.808401666149661e-05,9.552752135591633e-06
T2_TAILS,base_t5|MV,1029,base_t5,38b660b339e7e591aaee3fc52acac777d850f53e564f6ebb965cd27e1becf36e,TIER2,false,plain,ewma,999,-3.093315921251113e-05,3.0376998686043996e-06,-0.010091657222217732,-0.2817423392104678,-0.016690854379371088,-0.017748099127345235,-0.6099479694650344,12.095134451934795,-0.008144596878135624,0.027667677294784046,0.09017173580072654,0.00491824848564175,0.031296637634640745,0.007156205004734102,0.3132778213967898,-9.309931709609107e-05,0.0,200,0,0.0,200,0,0,2.204410052038091e-12,3.18893751296715e-16,0,0,5054,0,1.070613699965179,1.03125,3.111787001544144,369,-1.2224964577545514e-05,1.1052658084604417e-06,630,-4.189081607013385e-05,4.1727851484491104e-06
T2_TAILS,base_t5|ROBUST,1000,base_t5,e89a7e4487e3604a7aedaf6b79a923af67a18cbc23d7f8d3979a3800a241f54d,TIER2,false,plain,lw,999,7.376462055460161e-05,5.788635247178718e-06,0.014212476132892494,0.4866988171735552,0.6213107519037884,0.030659143657869502,-0.731463802335008,52.967764372001405,0.018018917748408914,0.03819340364891609,0.058474116191540144,0.005453667966395015,0.01918531345197783,0.005240196068424023,0.16531441547195416,0.0004910458575365058,0.3153153153153153,200,0,0.0,200,0,0,3.2287298962033106e-13,3.2821204806006416e-16,0,0,2215,0,1.076349500042852,1.078125,3.1141569995088503,369,0.00028123242928169284,1.4916845047325868e-05,630,-4.775223884269468e-05,4.172867624203953e-07
T2_TAILS,base_t5|ROBUST,1001,base_t5,e89a7e4487e3604a7aedaf6b79a923af67a18cbc23d7f8d3979a3800a241f54d,TIER2,false,plain,lw,999,-2.2237399145340875e-05,4.899436001851197e-06,-0.009307798202025406,-0.1594818325103944,0.07801756838026461,-0.01004641112988951,-0.6042449949963008,15.958939430344936,-0.0062018875635249104,0.03513769873606554,0.06033755513286492,0.00619960619955126,0.027344562622741177,0.007990605402213474,0.23782133070425013,-0.000646061845663265,0.42042042042042044,200,0,0.0,200,0,0,9.97094880847735e-13,3.05456625921799e-16,0,0,1975,1,1.0689384000143036,1.0625,3.097891499637626,369,9.003778592532261e-07,1.7914285361558285e-10,630,-3.578952567660313e-05,7.773065107729455e-06
T2_TAILS,base_t5|ROBUST,1002,base_t5,e89a7e4487e3604a7aedaf6b79a923af67a18cbc23d7f8d3979a3800a241f54d,TIER2,false,plain,lw,999,-0.00010020892301291298,4.907088660174207e-06,-0.028962407626345773,-0.7181161810056231,-0.4037794442452517,-0.045237067318864864,-0.3677641750159824,10.72534826937871,-0.02554024959504675,0.03516512963667132,0.11714859672903866,0.00604550500780499,0.04102034453950687,0.010493179183353091,0.3543195176866067,0.00033935155781477885,0.05005005005005005,200,0,0.0,200,0,0,1.8160040167280891e-12,3.2568467256631776e-16,0,0,3245,0,1.061353600001894,1.046875,3.0931360003887676,369,-0.00010746162239441114,2.3676895721893763e-06,630,-9.596091337517836e-05,6.400530908681767e-06
T2_TAILS,base_t5|ROBUST,1003,base_t5,e89a7e4487e3604a7aedaf6b79a923af67a18cbc23d7f8d3979a3800a241f54d,TIER2,false,plain,lw,999,-9.809497341479796e-05,1.4346871264918183e-05,-0.03556616797680723,-0.411119828510579,-0.15073073273086096,-0.025898114887774142,-0.15399090829089643,11.6011027537096,-0.02617946571254015,0.060128292498285545,0.12002164020194549,0.010244544055452434,0.05564660797784997,0.016184110020640165,0.4700411811916378,-0.0022439013980016516,0.2502502502502503,200,0,0.0,200,0,0,3.696950817718001e-12,3.3070304456501137e-16,0,0,3241,0,1.0288724999991246,1.03125,2.9798180001671426,369,-0.0001060659616320934,2.9879909128637972e-05,630,-9.342625174466778e-05,5.281929707374365e-06
T2_TAILS,base_t5|ROBUST,1004,base_t5,e89a7e4487e3604a7aedaf6b79a923af67a18cbc23d7f8d3979a3800a241f54d,TIER2,false,plain,lw,999,0.00012967915025099522,1.8647721240640246e-05,0.018581468605326768,0.47671360031267196,0.8768473827080998,0.03003013411975174,0.34072378475019,8.369572921330821,0.030797210446348755,0.06855089899221849,0.10238473246040354,0.00996630116655363,0.08620340724030842,0.02659744698099036,0.6931031487929077,-0.0020411536888408186,0.0,200,0,0.0,200,0,0,6.4713391633416176e-12,3.501731927759871e-16,0,0,5156,0,1.1162728000199422,1.09375,3.2103224980528466,369,0.00035204727577189585,3.049538539410032e-05,630,-5.650375541037322e-07,1.1699826358320728e-05
T2_TAILS,base_t5|ROBUST,1005,base_t5,e89a7e4487e3604a7aedaf6b79a923af67a18cbc23d7f8d3979a3800a241f54d,TIER2,false,plain,lw,999,2.472282273150909e-06,9.265450659180831e-06,-0.00638166556550668,0.012893328605204535,0.3122591618369416,0.0008122033586001544,0.14432957387764236,12.422610253559803,-0.0005428363287283133,0.048320736398709506,0.10171174956484025,0.007518684210282523,0.05743371475172761,0.014373785557161973,0.49389668238392076,-0.000718995648959409,0.17517517517517517,200,0,0.0,200,0,0,5.308526375354034e-12,2.801565838891343e-16,0,0,3281,0,1.0505435999948531,1.03125,3.0102865016669966,369,8.643324515761917e-05,6.2827276714188494e-06,630,-4.670485313060907e-05,1.1018682264069276e-05
T2_TAILS,base_t5|ROBUST,1006,base_t5,e89a7e4487e3604a7aedaf6b79a923af67a18cbc23d7f8d3979a3800a241f54d,TIER2,false,plain,lw,999,-3.655862949439973e-05,1.215302563843691e-06,-0.010131543370854562,-0.5264388962830652,-0.3658976921731176,-0.03316253333419799,-0.6445680147237574,13.971750883339363,-0.009322278416490026,0.017500178458764646,0.047824197693043434,0.00297340407468353,0.014190474633922659,0.002891607381124331,0.135361033007672,0.0006956064463994773,0.3003003003003003,200,0,0.0,200,0,0,3.6930542651570745e-13,3.3724830993716414e-16,0,0,2432,0,1.0666179999825545,1.03125,3.0472100019687787,369,-0.00010208465651582984,2.2896864921667164e-06,630,1.8209006181521857e-06,5.846661149913422e-07
T2_TAILS,base_t5|ROBUST,1007,base_t5,e89a7e4487e3604a7aedaf6b79a923af67a18cbc23d7f8d3979a3800a241f54d,TIER2,false,plain,lw,999,-2.08959070172334e-05,6.824301726611158e-06,-0.010424940673660852,-0.12697914173884242,0.14299434814159248,-0.007998934065080924,-0.586352141160579,15.965091062866588,-0.006107060205334136,0.041469555520960336,0.1256011600361052,0.007099759355619675,0.03950158137993757,0.011033325777947132,0.32904463223292885,-0.002193403327566177,0.3153153153153153,200,0,0.0,200,0,0,2.4679082763828977e-12,3.8079896859031057e-16,0,0,2967,0,1.0707644000067376,1.078125,3.0825600007665344,369,6.293242481097143e-05,9.212299367449382e-07,630,-6.999535851661052e-05,1.0282239582270329e-05
T2_TAILS,base_t5|ROBUST,1008,base_t5,e89a7e4487e3604a7aedaf6b79a923af67a18cbc23d7f8d3979a3800a241f54d,TIER2,false,plain,lw,999,0.00021230610267604862,1.3956585616353689e-05,0.042949959148400864,0.9021383733426023,1.2514317989066004,0.05682937581030636,0.7976195916529839,14.874647247794586,0.053104786384638114,0.05930480229560781,0.06712452601787641,0.008683417995188045,0.06000539576729368,0.02060530026395919,0.527875589625657,0.0002562768819582674,0.0,200,0,0.0,200,0,0,2.786753650218642e-12,2.975687078655111e-16,0,0,4278,0,1.1262436999822967,1.109375,3.2000789992162026,369,0.00034678602175101985,2.597759596489478e-05,630,0.0001335392929321369,6.9289907287658985e-06
T2_TAILS,base_t5|ROBUST,1009,base_t5,e89a7e4487e3604a7aedaf6b79a923af67a18cbc23d7f8d3979a3800a241f54d,TIER2,false,plain,lw,999,0.00022863468814649058,1.9892865755664653e-05,0.04257693490163315,0.8137550862783522,1.259977496033963,0.05126175205729594,0.299718020503516,6.719600258807276,0.05665533071431894,0.07080255765456141,0.11483570665142888,0.010164885487341171,0.11694097405613386,0.031983420918658925,0.9382642573822817,-0.0003028608039819101,0.0,200,0,0.0,199,1,0,3.0076684320251397e-12,3.329287720917121e-16,0,0,5142,0,1.1340901000075974,1.109375,3.239140500081703,369,0.0002237013561632535,9.531059529523228e-06,630,0.00023152421116524373,2.5986702506466497e-05
T2_TAILS,base_t5|ROBUST,1010,base_t5,e89a7e4487e3604a7aedaf6b79a923af67a18cbc23d7f8d3979a3800a241f54d,TIER2,false,plain,lw,999,-4.889350066683017e-05,1.6884445768069517e-06,-0.013597626268107258,-0.5973212957820944,-0.39213504175819536,-0.03762770479624467,-0.6832604499297551,15.857010974106394,-0.012455918624964535,0.020627361279508143,0.056774334604185704,0.0036402835770622797,0.017608968733035676,0.004162544443917072,0.17426301828343996,-5.325282707358581e-05,0.3203203203203203,200,0,0.0,200,0,0,6.599620377436634e-13,3.0545044340444474e-16,0,0,2111,0,1.0526199999731034,0.984375,3.045299497898668,369,-0.00012328317958733892,4.425988196412647e-06,630,-5.322403013389348e-06,8.436571168329829e-08
T2_TAILS,base_t5|ROBUST,1011,base_t5,e89a7e4487e3604a7aedaf6b79a923af67a18cbc23d7f8d3979a3800a241f54d,TIER2,false,plain,lw,999,-1.2600249001201732e-05,6.21185686582918e-07,-0.003644879127359523,-0.2537865943853357,-0.10355912499935513,-0.015987052733943317,0.1422266214782183,15.426904002965927,-0.0032481835064115394,0.012511546387992786,0.030675896466364115,0.002113210403797734,0.008714190944686616,0.0018591884530317273,0.08125295084274323,-0.0015806833446376297,0.3353353353353353,200,0,0.0,200,0,0,1.9563769414637498e-13,2.8169992517365278e-16,0,0,2056,0,1.0356716000242159,1.0,3.0138605006504804,369,-1.2557874972435429e-05,1.5390903081912077e-06,630,-1.2625068075193425e-05,8.514798210612931e-08
T2_TAILS,base_t5|ROBUST,1012,base_t5,e89a7e4487e3604a7aedaf6b79a923af67a18cbc23d7f8d3979a3800a241f54d,TIER2,false,plain,lw,999,-0.00021250463838981757,5.417400455993226e-06,-0.057646723618964904,-1.4493497980855616,-1.2227965544467618,-0.09130045543990653,-1.5640694086865894,12.97442524704475,-0.05279594897482276,0.036948408827854724,0.23396264321217405,0.007075191655671054,0.03358229619480945,0.007982180047016412,0.32171689240919477,0.0024054031354727597,0.22522522522522523,200,0,0.0,200,0,0,5.254063326109754e-13,3.069619228515648e-16,0,0,3232,0,1.0710662999772467,1.078125,3.0663019960047677,369,-0.0006155450036437445,1.057171752048354e-05,630,2.356186125891109e-05,2.2593393062462644e-06
T2_TAILS,base_t5|ROBUST,1013,base_t5,e89a7e4487e3604a7aedaf6b79a923af67a18cbc23d7f8d3979a3800a241f54d,TIER2,false,plain,lw,999,-1.0849674266581581e-05,8.531831809396262e-07,-0.003379124399968916,-0.18646435681142343,-0.05077595006493012,-0.01174615039287236,-0.09177756619479395,18.46261219700362,-0.002837502120684232,0.01466295200826852,0.054650010572589725,0.0024445856274342525,0.010637637287054144,0.0022297297191341617,0.09891279537093405,-0.0011481403710076913,0.19519519519519518,200,0,0.0,200,0,0,4.073859520397566e-13,3.283826735149221e-16,0,0,2172,0,1.0291177000035532,1.015625,2.978642000525724,369,-1.0162099711472693e-05,1.866275514751002e-06,630,-1.1252396506002502e-05,2.6182376554008753e-07
T2_TAILS,base_t5|ROBUST,1014,base_t5,e89a7e4487e3604a7aedaf6b79a923af67a18cbc23d7f8d3979a3800a241f54d,TIER2,false,plain,lw,999,0.00019139765093173372,5.218748526056338e-06,0.04428683414909831,1.3300062707083256,1.6579093454139648,0.08378251986787331,1.179872932818672,12.521138857284152,0.048721809172479924,0.03626464709005448,0.04433793514469538,0.005032966614006036,0.0353641834909496,0.012558508525980805,0.3642702370120172,0.0037398553684911164,0.0,200,0,0.0,200,0,0,1.2871792292019987e-12,3.2822509515467118e-16,0,0,4262,1,1.1290750000043772,1.109375,3.2992519991239533,369,0.0003217472714938508,8.873293810933924e-06,630,0.00011505001603106515,3.073127143443025e-06
T2_TAILS,base_t5|ROBUST,1015,base_t5,e89a7e4487e3604a7aedaf6b79a923af67a18cbc23d7f8d3979a3800a241f54d,TIER2,false,plain,lw,999,2.4403850071436e-05,1.8459839257317005e-06,0.004754206370148706,0.28513114696347364,0.46799064205962365,0.017961573950094303,0.42672009164807123,12.209398797656121,0.00593497511096297,0.02156821618225273,0.03978020327255019,0.003219818074438725,0.020009100787954547,0.004457201532193596,0.1836437757045176,0.0007628990259993111,0.12512512512512514,200,0,0.0,200,0,0,1.2888459798488908e-13,2.956112149686812e-16,0,0,3260,0,1.1146829999634065,1.109375,3.2268284977180883,369,7.620791542408575e-05,2.879224475527472e-06,630,-5.938531063687423e-06,1.2419190207464934e-06
T2_TAILS,base_t5|ROBUST,1016,base_t5,e89a7e4487e3604a7aedaf6b79a923af67a18cbc23d7f8d3979a3800a241f54d,TIER2,false,plain,lw,999,-5.1063408932116904e-05,3.6657408565852696e-06,-0.015639279138471924,-0.4233788849783086,-0.2622456852963399,-0.02667036285734344,-1.7492061739786153,31.78462362941318,-0.013242370688131166,0.030393530493502855,0.07611703706057511,0.005255589552934064,0.021447344882703265,0.004972431570859375,0.19845327203849897,-0.003178930118884853,0.2502502502502503,200,0,0.0,200,0,0,1.7836436623481154e-12,3.037421049164975e-16,0,0,2417,0,1.0533167999819852,1.046875,3.0517629999667406,369,1.0973245859627838e-05,8.055661241696848e-07,630,-8.73991638815674e-05,5.3413499946581004e-06
T2_TAILS,base_t5|ROBUST,1017,base_t5,e89a7e4487e3604a7aedaf6b79a923af67a18cbc23d7f8d3979a3800a241f54d,TIER2,false,plain,lw,999,-4.811115271074384e-05,9.281661239577449e-07,-0.012825704072819502,-0.7927443876085492,-0.6561510987887265,-0.049938202448914636,-1.5312171200666653,17.78735678804269,-0.0121666416291486,0.015293719731881832,0.07046600245595891,0.0027427937329029704,0.01145240834671931,0.0023807020720861155,0.10871710338797408,0.0018279380347296429,0.23023023023023023,200,0,0.0,200,0,0,3.565084600401847e-13,3.15632581737277e-16,0,0,2033,0,1.0414261000114493,1.03125,3.0811155031551607,369,-0.00016947310870081388,2.1653332673271766e-06,630,2.297227865486861e-05,1.9212869934607485e-07
T2_TAILS,base_t5|ROBUST,1018,base_t5,e89a7e4487e3604a7aedaf6b79a923af67a18cbc23d7f8d3979a3800a241f54d,TIER2,false,plain,lw,999,-8.057482006037471e-05,7.086168974600953e-06,-0.025661998400012747,-0.4805005206895307,-0.21283757591294988,-0.030268687680512957,-1.3222208653043155,13.514605774771255,-0.020976776968410715,0.04225771623738604,0.11047569704389891,0.00738298181908577,0.040700879830887916,0.010798385396401822,0.35034554698191794,-0.001804470301967721,0.04504504504504504,200,0,0.0,200,0,0,6.492960747907096e-13,3.175763585973071e-16,0,0,3503,0,1.0805492000072263,1.046875,3.1407154965563677,369,-0.0001868099251834722,8.223697764068646e-06,630,-1.8351401345417618e-05,6.421418375767273e-06
T2_TAILS,base_t5|ROBUST,1019,base_t5,e89a7e4487e3604a7aedaf6b79a923af67a18cbc23d7f8d3979a3800a241f54d,TIER2,false,plain,lw,999,0.00019189720155781602,1.818569570147891e-05,0.034609708842251584,0.714338326359245,1.025475856871703,0.04499908484544423,-0.39725266658156616,22.41246704070608,0.04713951367368385,0.06769634640638064,0.09334284214060797,0.009798039601209507,0.06258230376637901,0.02126581262334239,0.5048049727315247,0.002043565002534238,0.10510510510510511,200,0,0.0,200,0,0,1.907510517525063e-12,3.4302221563897245e-16,0,0,3856,0,1.073537300049793,1.046875,3.103051998768933,369,0.0002435191432232035,2.6864451277674794e-05,630,0.0001616614928680891,1.3134573886689069e-05
T2_TAILS,base_t5|ROBUST,1020,base_t5,e89a7e4487e3604a7aedaf6b79a923af67a18cbc23d7f8d3979a3800a241f54d,TIER2,false,plain,lw,999,7.636546999075819e-05,7.694991467420838e-06,0.01342668488830091,0.4370118646992869,0.6568751881806381,0.027529159856640943,0.5531400294217049,19.43501888157502,0.018443856351719745,0.04403564294739037,0.06530858394585855,0.006786775832024685,0.03642801440474299,0.009485709206002545,0.3507804952820204,-0.0013915653879640556,0.07507507507507508,200,0,0.0,200,0,0,4.770462760650918e-13,3.466660134140857e-16,0,0,3875,0,1.089504899980966,1.078125,3.141806496423669,369,0.00018308040835921156,1.2873164946175916e-05,630,1.3861006089235486e-05,4.667111755866883e-06
T2_TAILS,base_t5|ROBUST,1021,base_t5,e89a7e4487e3604a7aedaf6b79a923af67a18cbc23d7f8d3979a3800a241f54d,TIER2,false,plain,lw,999,0.00016716541469245663,5.40084602059676e-06,0.038042644910927924,1.1418677377693018,1.4416396523180546,0.07193090629203544,0.8891702867129307,10.988833092046937,0.042314249910317736,0.03689191235474767,0.05607909908225101,0.005343592067938872,0.03786502690069843,0.010488938565954746,0.3414070189547494,-0.0022161547186795175,0.23023023023023023,200,0,0.0,200,0,0,1.3613808961497072e-12,2.875074561880031e-16,0,0,2976,0,1.0651470000157133,1.046875,3.0961675028083846,369,3.761850442648149e-05,7.634697976175278e-07,630,0.00024304289070538495,8.106943688630582e-06
T2_TAILS,base_t5|ROBUST,1022,base_t5,e89a7e4487e3604a7aedaf6b79a923af67a18cbc23d7f8d3979a3800a241f54d,TIER2,false,plain,lw,999,0.00019377455991306434,3.4556119664656086e-05,0.022706762631612212,0.5232804926365068,1.0721044077456772,0.032963572605894345,0.12701695415236944,6.250264902758746,0.045484197826752615,0.09331742685850984,0.13292510382945738,0.01335838016610188,0.12429008063444617,0.05058467680570263,1.0034715342959928,0.005012000912333125,0.0,200,0,0.0,200,0,0,2.0982008452632106e-12,3.068303131404057e-16,0,0,5073,6,1.092248799977824,1.078125,3.1726569999591447,369,0.0002652989869632264,4.3550822437716774e-05,630,0.00015188168121225512,2.9343897298035912e-05
T2_TAILS,base_t5|ROBUST,1023,base_t5,e89a7e4487e3604a7aedaf6b79a923af67a18cbc23d7f8d3979a3800a241f54d,TIER2,false,plain,lw,999,8.28917235309789e-05,5.673067023014023e-06,0.01659987566040808,0.552462091187663,0.7705137029349921,0.03480184052555344,-0.5856708222018924,23.494494040919154,0.02037801807764872,0.03781022202790581,0.04662956745156188,0.00573477667776991,0.029699176279931593,0.007700110458825644,0.2875506349823691,-0.0021581774065341413,0.08008008008008008,200,0,0.0,200,0,0,1.7970658080640737e-12,2.982249693073524e-16,0,0,2922,0,1.0876330999890342,1.0625,3.0785665020812303,369,0.00018603798555024266,1.456635261980519e-05,630,2.2477484348267248e-05,4.6912218352654065e-07
T2_TAILS,base_t5|ROBUST,1024,base_t5,e89a7e4487e3604a7aedaf6b79a923af67a18cbc23d7f8d3979a3800a241f54d,TIER2,false,plain,lw,999,0.00043136335368352147,1.1401757905969304e-05,0.10008383615133462,2.0279517120238273,2.3958021783763046,0.12774895002054099,0.9426330488490146,7.848723419565551,0.11321158412498833,0.05360263978858004,0.04583593533425845,0.00689648540907758,0.06828948571733177,0.01935239149126495,0.612340875626056,0.0014318277475857668,0.15015015015015015,200,0,0.0,200,0,0,4.1038359217740175e-12,2.7319513312682544e-16,0,0,3852,0,1.07225309999194,1.0625,3.0881534999934956,369,0.0007557171341137231,1.8678059533034057e-05,630,0.00024138471086011774,7.064975852609001e-06
T2_TAILS,base_t5|ROBUST,1025,base_t5,e89a7e4487e3604a7aedaf6b79a923af67a18cbc23d7f8d3979a3800a241f54d,TIER2,false,plain,lw,999,1.7857286451306233e-05,4.516958296738686e-06,0.0010852157133947244,0.13338060874516747,0.33897888637142815,0.008402188582336191,-0.48271140398877027,10.43695627336357,0.003938783900612641,0.033738308949592434,0.036949505282804426,0.005768666192320398,0.02858335899240487,0.0068056646866579435,0.26253367398665073,0.0026993310615606764,0.04004004004004004,200,0,0.0,200,0,0,9.972473898091002e-13,2.6408551564006304e-16,0,0,3344,0,1.0776732999947853,1.078125,3.165521499759052,369,8.436138906455908e-05,6.947371140802401e-06,630,-2.109511650788472e-05,3.0980984041670876e-06
T2_TAILS,base_t5|ROBUST,1026,base_t5,e89a7e4487e3604a7aedaf6b79a923af67a18cbc23d7f8d3979a3800a241f54d,TIER2,false,plain,lw,999,0.0001416166453991143,5.618837076439439e-06,0.03143955381078859,0.9483995806863481,1.2171174293991596,0.059743557952714604,0.6734515837164021,12.753120814214803,0.03559747445736572,0.037629070454407165,0.07112127675266963,0.005399908046572981,0.036829983491406405,0.009472949562262118,0.3048462371041966,0.0006584547437370561,0.06006006006006006,200,0,0.0,200,0,0,6.606578029734249e-13,2.9554591959318595e-16,0,0,3008,0,1.074021200009156,1.0625,3.1220900011248887,369,0.00023290497283414677,1.2844880896110273e-05,630,8.814776790145245e-05,1.3923800146355885e-06
T2_TAILS,base_t5|ROBUST,1027,base_t5,e89a7e4487e3604a7aedaf6b79a923af67a18cbc23d7f8d3979a3800a241f54d,TIER2,false,plain,lw,999,9.604438943921578e-05,6.192446808301653e-06,0.019521696351606325,0.6126904739925603,0.8582622593647573,0.03859587202006195,0.5163410760338991,21.826419172011438,0.023699801543813015,0.039503121341129696,0.04986901908737385,0.006227741452781579,0.035673264889309206,0.00946211926147446,0.27821603218109964,0.0023097631974328173,0.12512512512512514,200,0,0.0,200,0,0,4.494509057416637e-13,2.9427943603417044e-16,0,0,2809,0,1.0825494999880902,1.0625,3.165663000254426,369,0.0001006521476270087,3.1542946983744115e-06,630,9.334555964350849e-05,7.979760004075889e-06
T2_TAILS,base_t5|ROBUST,1028,base_t5,e89a7e4487e3604a7aedaf6b79a923af67a18cbc23d7f8d3979a3800a241f54d,TIER2,false,plain,lw,999,3.6889920594389916e-05,9.514619373199105e-06,0.002103207743647735,0.18985073426938892,0.506719868290942,0.01195947212142407,-0.15834653633495444,8.037110893197832,0.008130977642204718,0.04896615241211193,0.10794210779270702,0.007926266474450858,0.06054536912942303,0.015430790246461075,0.5084078807999459,0.001516965298110015,0.08608608608608609,200,0,0.0,200,0,0,3.861591356120741e-12,3.015917019635408e-16,0,0,4104,0,1.109946399985347,1.109375,3.124945002782624,369,-0.00014482397799759893,1.2980911396024647e-05,630,0.00014332234691255482,7.471055373360704e-06
T2_TAILS,base_t5|ROBUST,1029,base_t5,e89a7e4487e3604a7aedaf6b79a923af67a18cbc23d7f8d3979a3800a241f54d,TIER2,false,plain,lw,999,-1.1725310801947376e-05,2.6291368233995258e-06,-0.00494240576058078,-0.11479369619923865,0.06872957899180021,-0.007231323148121095,-0.8674712218335273,17.883196245277226,-0.003280667830745876,0.02573990053393137,0.07537870388288756,0.004711933885147282,0.018853560989362545,0.004487453082017214,0.16769862492708767,0.0016991744955401002,0.2702702702702703,200,0,0.0,200,0,0,1.0511712114151199e-12,4.1467928645813966e-16,0,0,2100,0,1.0722337000188418,1.0625,3.092863502097316,369,-2.2768091525258034e-05,1.460370608611032e-07,630,-5.25739637829399e-06,4.085954783813807e-06
T2_TAILS,shift_jump|CVAR,1000,shift_jump,8f1a33b81a29553eac0bd4bef8d03a0978972b025ae16eda0a615f77861f9ed2,TIER2,false,plain,none,999,-0.00012284636430245183,5.537088353742086e-06,-0.03514332259964688,-0.8287467752037568,-0.8063064514722286,-0.05220613969133074,0.30213630992842216,8.572915309191272,-0.03116021141974279,0.037354333953947105,0.14030853463943763,0.005445065812762872,0.0018164631933700378,0.0009970170244498035,0.2958924852645697,0.001677004879440579,0.03003003003003003,200,0,0.0,199,1,0,1.2805352626924148e-09,3.9778365351952813e-16,0,0,3684,0,2.610865199996624,2.59375,10.892419998999685,369,-0.00012742749388581365,2.9698492230339472e-06,630,-0.00012016313126076851,7.047849575535901e-06
T2_TAILS,shift_jump|CVAR,1001,shift_jump,8f1a33b81a29553eac0bd4bef8d03a0978972b025ae16eda0a615f77861f9ed2,TIER2,false,plain,none,999,2.4124229108580253e-05,1.7501963042745125e-06,0.0047561573293306925,0.2894745140198255,0.3144768841826065,0.018235180356850917,0.005413534536776202,16.169836048021835,0.005876134123360188,0.021001177792618612,0.028985676959237875,0.0034070505931991656,0.0014327517979248652,0.0005229084192115807,0.0946715659918463,0.00018537193243246827,0.45545545545545546,200,0,0.0,200,0,0,8.863889895841154e-11,2.6457181519723273e-16,0,0,2299,0,2.4810850999783725,2.453125,10.322853999095969,369,0.0,0.0,630,3.825413472932012e-05,2.77639964937769e-06
T2_TAILS,shift_jump|CVAR,1002,shift_jump,8f1a33b81a29553eac0bd4bef8d03a0978972b025ae16eda0a615f77861f9ed2,TIER2,false,plain,none,999,-3.2629952550696546e-05,1.2263559253597676e-06,-0.009149873122347513,-0.4677442374452454,-0.43480364952253114,-0.029465117368182504,-0.48406589345615625,10.42251197576178,-0.008342322658959955,0.01757958171261937,0.056988945282060374,0.00272936169030338,0.001114252856404312,0.000536801765584299,0.16027548452226242,-0.001592183233507872,0.0,200,0,0.0,198,2,0,1.5541566363660014e-10,3.154234938022706e-16,0,0,3796,0,2.6211234999937005,2.625,10.998461001145188,369,-0.00013720044177413632,2.0257752350181907e-06,630,2.861847685160389e-05,7.504285430426309e-07
T2_TAILS,shift_jump|CVAR,1003,shift_jump,8f1a33b81a29553eac0bd4bef8d03a0978972b025ae16eda0a615f77861f9ed2,TIER2,false,plain,none,999,-4.883042753776088e-05,5.294367079278109e-06,-0.016307809251449992,-0.33688662767553895,-0.31110021204853056,-0.021221862782206804,0.10318078903985269,9.12140731672666,-0.012888193057897457,0.03652643568674726,0.0900157135386183,0.005638779209553935,0.0030765551887040085,0.001119996977630711,0.26292998555074737,0.0025475596423587105,0.09509509509509509,200,0,0.0,199,1,0,1.9667986237609745e-08,3.561990201282104e-16,0,0,3398,0,2.5003464000183158,2.5,10.434174499823712,369,-1.2868966646946584e-05,3.697423230572519e-06,630,-6.98935689166664e-05,6.235882181868467e-06
T2_TAILS,shift_jump|CVAR,1004,shift_jump,8f1a33b81a29553eac0bd4bef8d03a0978972b025ae16eda0a615f77861f9ed2,TIER2,false,plain,none,999,8.811435458059073e-06,2.220803145985597e-06,0.0005415545570657752,0.09386245364329945,0.13165540979799722,0.00591277880444045,0.35649697398542396,10.576250803181294,0.001942916488711699,0.023656762094343562,0.04403765424885249,0.003613697781669074,0.00251784005985985,0.0008371385036748599,0.1529769125625841,-0.00163228049970418,0.0,200,0,0.0,199,1,0,2.0429673405698646e-08,3.0437137678168816e-16,0,0,4068,0,2.6418661999632604,2.609375,11.073513000737876,369,-3.754068852769994e-05,4.934571219221566e-07,630,3.5960536649717924e-05,3.232928710238854e-06
T2_TAILS,shift_jump|CVAR,1005,shift_jump,8f1a33b81a29553eac0bd4bef8d03a0978972b025ae16eda0a615f77861f9ed2,TIER2,false,plain,none,999,-1.621703448511096e-05,1.4666319684091244e-07,-0.004197570067059691,-0.6722195472814949,-0.6442457421310533,-0.04234585115579192,-0.4657829871446365,8.478289575344263,-0.004096774924464475,0.006079401747204238,0.02183173373316988,0.001056399354054387,0.0006230247257528624,0.00019203467723235234,0.04796437509919097,-0.0005399336958638347,0.2122122122122122,200,0,0.0,200,0,0,2.1212324192498185e-12,2.962272532566833e-16,0,0,2268,0,2.464213999977801,2.4375,10.268163501168601,369,4.2420871681686286e-07,8.291275407848592e-11,630,-2.5964048360525827e-05,2.323963725401666e-07
T2_TAILS,shift_jump|CVAR,1006,shift_jump,8f1a33b81a29553eac0bd4bef8d03a0978972b025ae16eda0a615f77861f9ed2,TIER2,false,plain,none,999,7.723713152457417e-06,3.4234768212626334e-08,0.0019204942296505237,0.6626629824917679,0.6910947834879584,0.041743844160037305,1.2802009519485356,16.658081462557767,0.0019439466996851174,0.002937203021512445,0.006058755741137284,0.0003985191647500219,0.00029503076721546764,7.654366993635719e-05,0.017736276138935816,-0.00035412942722298806,0.08508508508508508,200,0,0.0,200,0,0,4.482743204588623e-12,3.103101511184891e-16,0,0,3037,0,2.545272399962414,2.515625,10.521326500165742,369,-2.1753105460887683e-06,1.20093336180267e-08,630,1.3521712747320184e-05,4.7201155427518175e-08
T2_TAILS,shift_jump|CVAR,1007,shift_jump,8f1a33b81a29553eac0bd4bef8d03a0978972b025ae16eda0a615f77861f9ed2,TIER2,false,plain,none,999,2.9616927837694475e-05,1.536135888796788e-05,-0.004149721504204711,0.11995696236470646,0.14944597772311832,0.007556578343993997,0.062298158771319945,8.07515884140358,0.005545389815384549,0.06221786270652429,0.15298430466955198,0.009355009613154924,0.005020863416870192,0.0018682106851430533,0.38753291450297406,0.001336159914335936,0.22522522522522523,200,0,0.0,198,2,0,8.148883789971251e-10,3.518596652599884e-16,0,0,3313,0,2.570816299994476,2.546875,10.651541997794993,369,-1.0835343366487973e-05,9.55166182484384e-07,630,5.331040097157276e-05,2.3812682859604946e-05
T2_TAILS,shift_jump|CVAR,1008,shift_jump,8f1a33b81a29553eac0bd4bef8d03a0978972b025ae16eda0a615f77861f9ed2,TIER2,false,plain,none,999,2.655667871802018e-06,3.824621072507465e-06,-0.002222185227121535,0.021556578161922253,0.05812984790966085,0.0013579367841421934,0.0762641141405607,6.6886410912933165,0.00018786944216486745,0.03104520108280636,0.05827513513605957,0.004612572537820414,0.00224833693666723,0.0011217289417512482,0.3108288807336134,-0.0011405396248046597,0.0,200,0,0.0,199,1,0,3.711718293830657e-10,3.2972540348971576e-16,0,0,3885,0,2.598425199976191,2.59375,10.765853998018429,369,-5.4936077900137266e-05,5.851635872123214e-06,630,3.6387976109652175e-05,2.6416996337095263e-06
T2_TAILS,shift_jump|CVAR,1009,shift_jump,8f1a33b81a29553eac0bd4bef8d03a0978972b025ae16eda0a615f77861f9ed2,TIER2,false,plain,none,999,0.00016690261805261172,2.4294217369520358e-05,0.023693031417900762,0.5375414556442601,0.5867249458002909,0.03386192883386595,0.3538399820859644,6.063014789915987,0.03977286632441057,0.07824412295577943,0.12530133584104267,0.011146203922249673,0.01183360920929664,0.003967247200750427,0.6839286914960849,-0.0007330575113391547,0.16516516516516516,200,0,0.0,199,1,0,2.4448235658169892e-09,3.2398114361341518e-16,0,0,3713,0,2.449942799983546,2.4375,10.105545499827713,369,-4.75000530068787e-05,1.3926293355184888e-06,630,0.0002924813253874561,3.76887819609539e-05
T2_TAILS,shift_jump|CVAR,1010,shift_jump,8f1a33b81a29553eac0bd4bef8d03a0978972b025ae16eda0a615f77861f9ed2,TIER2,false,plain,none,999,1.447647818781823e-05,1.8260991805178125e-07,0.0035100194052830476,0.5377754965118128,0.5737376335839849,0.033876672022727136,0.3189833447941991,6.430086225647565,0.0036316415075536845,0.006783634670959874,0.013782901336449173,0.0009792328801014616,0.00040806206369748993,0.0001926964423349587,0.05545070274850464,-0.0033651573724382527,0.0,200,0,0.0,200,0,0,6.710098417094436e-11,3.2588286880867183e-16,0,0,3869,0,2.6397976000444032,2.640625,10.983734501642175,369,1.5252735461890652e-05,2.5247385703805057e-07,630,1.4021813213004384e-05,1.4202538353198427e-07
T2_TAILS,shift_jump|CVAR,1011,shift_jump,8f1a33b81a29553eac0bd4bef8d03a0978972b025ae16eda0a615f77861f9ed2,TIER2,false,plain,none,999,-3.283700151914939e-07,4.02494018464512e-09,-8.579209860784817e-05,-0.08216446809749257,-0.0633965253633424,-0.005175874980758707,-0.49675837497891906,18.093252919433592,-8.325243754114808e-05,0.0010071171364496637,0.0021522657022186504,0.00016746480261869756,9.316202309964642e-05,2.1802618592671575e-05,0.004807922779293183,8.7262460944943e-05,0.3253253253253253,200,0,0.0,199,1,0,1.0223189552816529e-12,3.144684748518378e-16,0,0,1908,0,2.4504266000003554,2.4375,10.191425499506295,369,1.5072290889627548e-08,3.534973879740928e-11,630,-5.295290801818651e-07,6.365361817093399e-09
T2_TAILS,shift_jump|CVAR,1012,shift_jump,8f1a33b81a29553eac0bd4bef8d03a0978972b025ae16eda0a615f77861f9ed2,TIER2,false,plain,none,999,-1.3675728076011393e-05,4.7249008174558846e-07,-0.003803485976954536,-0.3158307262630649,-0.26313785311685883,-0.01989546566869014,0.42097363062036197,6.408135388810684,-0.0034996334043380095,0.010911805560945828,0.02109951260933185,0.0015400334060001475,0.0006758457237159952,0.0004322720108410513,0.13478516327709653,-0.00785679186258132,0.1001001001001001,200,0,0.0,199,1,0,4.5656925187511647e-10,2.9422716676938574e-16,0,0,3418,0,2.5477988999919035,2.5,10.580597997759469,369,-1.2116301397886158e-05,1.5748749016578056e-07,630,-1.4589106558913317e-05,6.57533040188654e-07
T2_TAILS,shift_jump|CVAR,1013,shift_jump,8f1a33b81a29553eac0bd4bef8d03a0978972b025ae16eda0a615f77861f9ed2,TIER2,false,plain,none,999,-0.00010129716040158626,5.208445797020738e-06,-0.029464469443747417,-0.7046013438581115,-0.678045982283421,-0.044385712602154063,-2.529518705393174,30.626045902718513,-0.02584660022856322,0.03622883300424161,0.14002008965300264,0.006687500258080561,0.002837252118999447,0.0010670698272340494,0.16460678040256163,-0.0008921071090289462,0.0,200,0,0.0,199,1,0,4.353934470862641e-08,2.881852418882157e-16,0,0,3169,0,2.5057903999695554,2.453125,10.407734000182245,369,2.2013846511074916e-06,2.546546746314096e-09,630,-0.0001619177367895926,8.252502239919072e-06
T2_TAILS,shift_jump|CVAR,1014,shift_jump,8f1a33b81a29553eac0bd4bef8d03a0978972b025ae16eda0a615f77861f9ed2,TIER2,false,plain,none,999,-2.3944581381667777e-05,9.213322928798938e-07,-0.006730561721597479,-0.3960038173299305,-0.3623304756737809,-0.024945895687791576,0.1844919496867617,10.432438041457353,-0.006131197864479798,0.015237313995771475,0.04078429388724303,0.002307111080196662,0.0018776827238090666,0.0006452664799223886,0.1297405367217615,0.00715479989105093,0.0,200,0,0.0,197,3,0,1.7542754026760693e-09,3.153604039059614e-16,0,0,3841,0,2.612759899988305,2.5625,10.954915999318473,369,3.618899429458998e-05,9.731878529746794e-07,630,-5.9165675706333036e-05,8.890948267548807e-07
T2_TAILS,shift_jump|CVAR,1015,shift_jump,8f1a33b81a29553eac0bd4bef8d03a0978972b025ae16eda0a615f77861f9ed2,TIER2,false,plain,none,999,5.768795016808909e-05,2.891380572565165e-06,0.012351479729499187,0.5385583310780481,0.5527874353805797,0.03392598596510722,0.09982258617754053,11.179581229898105,0.01427398631481136,0.026993108459131224,0.040319357466189754,0.004014754777807277,0.001052049780371478,0.000593894225798308,0.18273390572261888,0.007438246585161472,0.015015015015015015,200,0,0.0,197,3,0,4.2595857114795385e-10,3.4555508518546794e-16,0,0,3438,0,2.6151252000126988,2.5,10.922882000450045,369,8.141427866283376e-05,4.495252358799895e-06,630,4.379110062116721e-05,1.9570994465588217e-06
T2_TAILS,shift_jump|CVAR,1016,shift_jump,8f1a33b81a29553eac0bd4bef8d03a0978972b025ae16eda0a615f77861f9ed2,TIER2,false,plain,none,999,7.306965271186711e-05,2.4771737118302306e-06,0.016540809157246858,0.7369857359129472,0.774235335812605,0.04642573754827577,0.25037276154066523,8.58002159748477,0.01826601200097011,0.024984950978163195,0.032854355313751686,0.0035413516248227884,0.00262326047426183,0.0008654467405558769,0.1998281309692616,-0.0050588414921054325,0.0,200,0,0.0,198,2,0,5.688954451879153e-08,3.126747362782767e-16,0,0,3730,0,2.622122800035868,2.53125,10.987943002546672,369,0.0001032624209012477,7.930731546675777e-07,630,5.538531705808705e-05,3.4655564998107644e-06
T2_TAILS,shift_jump|CVAR,1017,shift_jump,8f1a33b81a29553eac0bd4bef8d03a0978972b025ae16eda0a615f77861f9ed2,TIER2,false,plain,none,999,1.2843178604529018e-05,1.0997645059568395e-06,0.0024050590418379417,0.19441194401692824,0.2185417692311649,0.012246801327842944,0.17552666208735854,5.415939563864829,0.0031028526417915536,0.016647542025810404,0.019241229583605822,0.0022761769780937245,0.0009166625865472852,0.0004796040384241668,0.14938226550771788,0.004302007829191976,0.0,200,0,0.0,197,3,0,1.1803856247770443e-10,3.3585636339612426e-16,0,0,3110,0,2.615557400044054,2.59375,11.04076500138035,369,3.348158488499687e-05,1.4623780268768846e-06,630,7.549692116835617e-07,8.889676171048585e-07
T2_TAILS,shift_jump|CVAR,1018,shift_jump,8f1a33b81a29553eac0bd4bef8d03a0978972b025ae16eda0a615f77861f9ed2,TIER2,false,plain,none,999,6.72244880124413e-06,1.7983078697611333e-06,0.000334536348374104,0.07957850046102319,0.11015713870624856,0.005012974331602529,0.5910302116458224,15.382990008660519,0.0014688886556279979,0.02128787408784178,0.04253282608785617,0.0032608478924697824,0.0019398352487698736,0.0005861461812575426,0.11583607752526727,0.004836338984929805,0.13013013013013014,200,0,0.0,200,0,0,8.761978719590373e-11,3.1742783342290327e-16,0,0,3311,0,2.449152800021693,2.4375,10.133421499049291,369,-3.6143830490173996e-06,5.0421860083712665e-08,630,1.277687888496874e-05,2.8236780420806137e-06
T2_TAILS,shift_jump|CVAR,1019,shift_jump,8f1a33b81a29553eac0bd4bef8d03a0978972b025ae16eda0a615f77861f9ed2,TIER2,false,plain,none,999,2.0249009607767244e-05,1.9410783709631366e-06,0.0036352951727092143,0.2307185542612911,0.25342356185883275,0.01453390279580328,-0.12464876660142524,7.3640310881234585,0.004870168488355198,0.022116775295750294,0.04359923210523408,0.0035171256411809957,0.0018828622457208813,0.00065280537107569,0.14934718729636212,0.0017125276172431524,0.10510510510510511,200,0,0.0,198,2,0,4.5472229806697235e-10,3.1195707713294487e-16,0,0,3377,0,2.6240502999862656,2.609375,11.015287498012185,369,-4.186803334508942e-06,1.3589703173164221e-06,630,3.4561414331100445e-05,2.284174486390203e-06
T2_TAILS,shift_jump|CVAR,1020,shift_jump,8f1a33b81a29553eac0bd4bef8d03a0978972b025ae16eda0a615f77861f9ed2,TIER2,false,plain,none,999,1.056748869191674e-05,1.22657174413835e-07,0.002570278326506159,0.4789890488475885,0.5006356599230358,0.030173473904144963,1.0717590031624904,17.109236598878713,0.0026510657942422355,0.005559640991312876,0.006444030902109923,0.0007936819193434697,0.00021804963648054332,0.00012207640999111223,0.039379296020679154,-6.62814579336646e-05,0.08008008008008008,200,0,0.0,200,0,0,3.3546630817959737e-12,3.099034028163458e-16,0,0,3157,0,2.4916239000158384,2.40625,10.334141500352416,369,3.67999572667158e-05,2.6926901563622487e-07,630,-4.7972429018941365e-06,3.643594678381625e-08
T2_TAILS,shift_jump|CVAR,1021,shift_jump,8f1a33b81a29553eac0bd4bef8d03a0978972b025ae16eda0a615f77861f9ed2,TIER2,false,plain,none,999,-1.1114170554815827e-05,3.438169327391933e-07,-0.0030606965809644184,-0.3008941170320417,-0.2713795606671663,-0.018954547729265397,-1.8180370844372553,28.8567414306852,-0.002840055422910548,0.009308161314152045,0.026717519456770367,0.0016171617387252125,0.0007685966074715734,0.00020361698356859763,0.03724866800480109,-0.0006682030859266766,0.21521521521521522,200,0,0.0,198,2,0,9.322955911325734e-10,2.8153860229568166e-16,0,0,2561,0,2.5460415999987163,2.375,10.645398999622557,369,5.076635388409431e-07,3.221776325266969e-10,630,-1.7921244809671938e-05,5.452014402670583e-07
T2_TAILS,shift_jump|CVAR,1022,shift_jump,8f1a33b81a29553eac0bd4bef8d03a0978972b025ae16eda0a615f77861f9ed2,TIER2,false,plain,none,999,0.00013848811013925097,3.842738569548269e-05,0.005847900169306331,0.3546437736059651,0.3923849650659772,0.022340457832830382,-0.0185419100609928,7.409125099459447,0.03051622547752242,0.09840579858555916,0.2645731735654926,0.015422361313065167,0.008630400299328263,0.0037520977381475967,0.6454505397500739,0.004711877370434287,0.0,200,0,0.0,200,0,0,2.9195084369125617e-09,2.98007869338097e-16,0,0,4160,0,2.5849645999842323,2.484375,10.792773496359587,369,0.00019504418593695958,1.3009474495988941e-05,630,0.00010536240860059307,5.335639542661432e-05
T2_TAILS,shift_jump|CVAR,1023,shift_jump,8f1a33b81a29553eac0bd4bef8d03a0978972b025ae16eda0a615f77861f9ed2,TIER2,false,plain,none,999,8.287084678540616e-05,7.505472559593925e-07,0.02031603966441705,1.5184938110289177,1.5455284351690937,0.09565611884221965,0.3961868426540694,8.075116151064279,0.021005729482608038,0.013752741853963772,0.018282252217124987,0.0018960608885687513,0.0007468167817326188,0.00038510665273274657,0.12114679366615182,0.0025240202876323876,0.0,200,0,0.0,200,0,0,1.4150154541166811e-11,2.998014265210253e-16,0,0,3679,0,2.639173400006257,2.5625,10.932267001480795,369,8.956358462114927e-05,6.533714584827119e-07,630,7.89508146244709e-05,8.085520750620389e-07
T2_TAILS,shift_jump|CVAR,1024,shift_jump,8f1a33b81a29553eac0bd4bef8d03a0978972b025ae16eda0a615f77861f9ed2,TIER2,false,plain,none,999,5.707825061334053e-05,7.943451478555028e-06,0.008378469836774212,0.321489135514933,0.36167633139606803,0.02025191194718228,-0.8098935882247141,13.742409067004358,0.013471913478761088,0.04474091832535255,0.08156505352989242,0.006747410312901281,0.004193327117591127,0.001722909978611271,0.4359054230445352,0.002893946755656884,0.0,200,0,0.0,200,0,0,3.806791964988676e-10,2.766421967674291e-16,0,0,3766,0,2.5580716999829747,2.46875,10.64021850033896,369,0.00011182821610224425,7.2703633360053675e-06,630,2.501041368412549e-05,8.347085708578267e-06
T2_TAILS,shift_jump|CVAR,1025,shift_jump,8f1a33b81a29553eac0bd4bef8d03a0978972b025ae16eda0a615f77861f9ed2,TIER2,false,plain,none,999,-3.268148277466907e-05,3.4293479990755076e-07,-0.008494992367946715,-0.8859235445682018,-0.8595351959664332,-0.055807937608197834,-0.4574324839219214,8.633647464342692,-0.008244868449534648,0.009296212646917172,0.03498110619498322,0.00150426742137584,0.0008603001714373044,0.0002868963776822197,0.07106108807385594,0.0005839147939003802,0.0,200,0,0.0,199,1,0,3.782540581898849e-11,3.8328846586428473e-16,0,0,3385,0,2.6366352000040933,2.46875,11.055343500338495,369,-6.7302684580558045e-06,1.037480686295396e-07,630,-4.7881479731542554e-05,4.827910606228999e-07
T2_TAILS,shift_jump|CVAR,1026,shift_jump,8f1a33b81a29553eac0bd4bef8d03a0978972b025ae16eda0a615f77861f9ed2,TIER2,false,plain,none,999,1.3873204890230712e-05,2.8885943216741753e-06,0.0013122703251524628,0.1295787523786306,0.15044184017947076,0.008162694142663709,0.3905189591465778,13.571004124244624,0.003137500293975304,0.02698009950059288,0.0450423793374636,0.004142896987381206,0.0014037098060103528,0.0006400427862890527,0.16744402874888464,0.0012290298247138287,0.1001001001001001,200,0,0.0,199,1,0,4.835759431776054e-10,3.072278102493028e-16,0,0,3305,0,2.5511821000254713,2.453125,10.60825400199974,369,1.4020086851993242e-05,8.118395518474721e-07,630,1.3787174026912659e-05,4.108203760456616e-06
T2_TAILS,shift_jump|CVAR,1027,shift_jump,8f1a33b81a29553eac0bd4bef8d03a0978972b025ae16eda0a615f77861f9ed2,TIER2,false,plain,none,999,-8.018488063295533e-05,7.286840494506321e-06,-0.025715441333351522,-0.47154498008446305,-0.44573436385257886,-0.029704541649628435,-0.8656151531479153,27.595816040694682,-0.020904694614251818,0.042851882159545725,0.11254822572619441,0.007102463788571871,0.0029494138843905765,0.0009763738514869626,0.17968606886523517,-0.004878435519502841,0.05005005005005005,200,0,0.0,199,1,0,2.648283287109976e-09,3.369342790361901e-16,0,0,2933,0,2.6413249999750406,2.5625,11.083021499507595,369,-5.928156515121069e-08,3.035374347198394e-11,630,-0.00012711558865838345,1.1555642372965962e-05
T2_TAILS,shift_jump|CVAR,1028,shift_jump,8f1a33b81a29553eac0bd4bef8d03a0978972b025ae16eda0a615f77861f9ed2,TIER2,false,plain,none,999,-1.5627535613049336e-05,2.2130543500364523e-06,-0.00561120806311599,-0.16676109100288392,-0.12966078252368451,-0.0105049613132248,0.08948069056896266,6.80025123435162,-0.004207843672535572,0.023615454605177222,0.06924456296546398,0.003468920892369385,0.00158224482568392,0.0007944926281955424,0.24135106129287137,0.0021458552083292812,0.0,200,0,0.0,200,0,0,9.633349673521252e-11,3.2580480263410415e-16,0,0,3752,0,2.656217999989167,2.609375,11.069440497085452,369,6.6805310301953766e-06,1.186164034529597e-06,630,-2.8693688932664095e-05,2.8168977543578407e-06
T2_TAILS,shift_jump|CVAR,1029,shift_jump,8f1a33b81a29553eac0bd4bef8d03a0978972b025ae16eda0a615f77861f9ed2,TIER2,false,plain,none,999,2.7632877213306322e-08,1.798708286672487e-08,-6.634749589490808e-06,0.003270739906988065,0.019239324867498762,0.00020603724754916547,0.6281315093834354,59.639072490447155,4.699518207917919e-06,0.002129024396857553,0.0027689836405500167,0.00026127634369803586,0.00013758514312556887,2.7035863134729215e-05,0.004636665415644655,-0.00044945076429586423,0.6686686686686687,200,0,0.0,200,0,0,1.1113485561055276e-12,2.5957891862979176e-16,0,0,610,0,2.2392005000147037,2.21875,9.215587998332921,369,0.0,0.0,630,4.38178481525286e-08,2.853912282066985e-08
T2_TAILS,shift_jump|EW,1000,shift_jump,a28486d3ddd947db0b403ffd2b98f56716c0fd9ba4e4fa478eb7fbb363ac5334,TIER2,false,none,none,999,0.0006553994127380155,0.0003942634366532624,-0.13290250609988646,0.5239780166982647,0.48271783968590776,0.03300751249162995,0.25637358839913577,4.727268543291339,0.12262174704386064,0.3152053077545207,0.4452434820312951,0.041409987820506186,0.01033758097504541,0.0023846525994493813,0.9996756216536088,0.9996756216536088,0.0,200,0,0.0,0,0,0,0.0,6.847333147800733e-16,0,0,5830,0,0.2789016999886371,0.28125,0.0,369,0.0009343138711788142,0.0002687789412223685,630,0.0004920352299369764,0.0004682332914820068
T2_TAILS,shift_jump|EW,1001,shift_jump,a28486d3ddd947db0b403ffd2b98f56716c0fd9ba4e4fa478eb7fbb363ac5334,TIER2,false,none,none,999,-0.00022672704139207737,0.00045894166006939355,-0.40409510944326504,-0.16800602250497856,-0.2059372002258983,-0.010583384626411766,0.12334826069878571,5.729307920430691,-0.10855344504279008,0.340078370875725,0.6996637509734399,0.049160442694266546,0.010064081794372988,0.002278463190410015,0.9997510149429646,0.9997510149429646,0.0,200,0,0.0,0,0,0,0.0,6.856915624663652e-16,0,0,5787,1,0.2792693000519648,0.265625,0.0,369,0.0003068726551337798,0.0001458312554301873,630,-0.0005392640065000795,0.0006425934370283638
T2_TAILS,shift_jump|EW,1002,shift_jump,a28486d3ddd947db0b403ffd2b98f56716c0fd9ba4e4fa478eb7fbb363ac5334,TIER2,false,none,none,999,-0.0002526739417326471,0.0005187031495699008,-0.455813414391472,-0.17611700173625985,-0.21235109423133722,-0.011094328291535102,-0.017128994655750823,5.668247243056378,-0.12113054448088856,0.361542796486965,0.7612360005988458,0.05239261739464211,0.009694949989840846,0.0021352483963179955,0.9996413976964286,0.9996413976964286,0.0,200,0,0.0,0,0,0,0.0,5.926068031463314e-16,0,0,5704,0,0.27993489999789745,0.28125,0.0,369,0.0010219826791379456,0.00020673232736946565,630,-0.0009992585339568514,0.00070053666048374
T2_TAILS,shift_jump|EW,1003,shift_jump,a28486d3ddd947db0b403ffd2b98f56716c0fd9ba4e4fa478eb7fbb363ac5334,TIER2,false,none,none,999,0.0004287308475355969,0.0005527482571369418,-0.3098375088165576,0.2894818316734869,0.2550909813529125,0.01823564132570255,0.5799472479870212,7.001336482229786,0.03977354495875063,0.37321918600000903,0.5755646140888392,0.04961430329243923,0.010283242588419023,0.0020780255690381706,0.999761191239255,0.999761191239255,0.0,200,0,0.0,0,0,0,0.0,6.450707060056541e-16,0,0,5511,0,0.27060659998096526,0.265625,0.0,369,0.0008971016196421088,0.0002467776968467905,630,0.00015439939530178279,0.0007324327628581675
T2_TAILS,shift_jump|EW,1004,shift_jump,a28486d3ddd947db0b403ffd2b98f56716c0fd9ba4e4fa478eb7fbb363ac5334,TIER2,false,none,none,999,-0.0010325076001372242,0.0005096955143934937,-0.6455217241160618,-0.7260025092308843,-0.7617952164079038,-0.04573385930080463,-0.27637750997134913,4.119377380082689,-0.2774385991417445,0.35838982913464557,0.7736304740211928,0.05367800435315199,0.011495962758522838,0.002671235260763435,0.9996877925401089,0.9996877925401089,0.0,200,0,0.0,0,0,0,0.0,6.372624167325972e-16,0,0,5603,0,0.2798670000047423,0.28125,0.0,369,-0.00016269437763512986,0.00031778451302661445,630,-0.0015419696304598796,0.0006220806500753349
T2_TAILS,shift_jump|EW,1005,shift_jump,a28486d3ddd947db0b403ffd2b98f56716c0fd9ba4e4fa478eb7fbb363ac5334,TIER2,false,none,none,999,0.00048384703522553584,0.0003543518754722835,-0.1459605649802113,0.4080289585081033,0.36323031181981175,0.02570340837916985,0.06965256136152904,4.130809794181709,0.08041569726808495,0.29882548856985985,0.4412300692704953,0.040423453123056056,0.009057553161002766,0.0016464931566970552,0.9997064272971014,0.9997064272971014,0.0,200,0,0.0,0,0,0,0.0,5.195334537034477e-16,0,0,5502,0,0.27928489999612793,0.28125,0.0,369,0.0009925309695939808,0.000146250402702444,630,0.00018590358795258957,0.00047642546270414376
T2_TAILS,shift_jump|EW,1006,shift_jump,a28486d3ddd947db0b403ffd2b98f56716c0fd9ba4e4fa478eb7fbb363ac5334,TIER2,false,none,none,999,0.0002952421110876284,0.00046598756466543925,-0.2778855868929897,0.2171157898031238,0.17951556521761192,0.013677009179153305,-0.25961743052797914,4.883515227153901,0.015602147946355949,0.34267895513977903,0.6092735724911144,0.050337866133833294,0.010624386154289083,0.0024536830733659287,0.9997832759583807,0.9997832759583807,0.0,200,0,0.0,0,0,0,0.0,7.147869380040271e-16,0,0,5901,0,0.28990000003250316,0.28125,0.0,369,0.0007180166460734216,0.00015475303216259362,630,4.761702631023527e-05,0.0006486516515258925
T2_TAILS,shift_jump|EW,1007,shift_jump,a28486d3ddd947db0b403ffd2b98f56716c0fd9ba4e4fa478eb7fbb363ac5334,TIER2,false,none,none,999,0.0004497062579817141,0.000688649686832641,-0.40729318623408467,0.2720382825427787,0.24203881165562693,0.017136801016602764,0.17373304940295806,5.717190909665994,0.02715286623024915,0.41658098982289815,0.5588433852708877,0.059414395225151996,0.011746172681141167,0.0029696804854568238,0.9997908997987559,0.9997908997987559,0.0,200,0,0.0,0,0,0,0.0,6.44962235861484e-16,0,0,5935,0,0.2866531999898143,0.296875,0.0,369,0.0002607956001818045,0.0001924268537671902,630,0.000560353928978804,0.0009800292903829285
T2_TAILS,shift_jump|EW,1008,shift_jump,a28486d3ddd947db0b403ffd2b98f56716c0fd9ba4e4fa478eb7fbb363ac5334,TIER2,false,none,none,999,-0.00015235304550069234,0.00038484174013406875,-0.3293333230075305,-0.1232850244452579,-0.165953074942001,-0.0077662265490635995,-0.1160490143333279,4.756477024352512,-0.08329575903107311,0.31141631060974523,0.5646268926604027,0.04298605010596454,0.009798972873201467,0.001973455371349004,0.9998078487271721,0.9998078487271721,0.0,200,0,0.0,0,0,0,0.0,5.443894880292992e-16,0,0,5937,0,0.3020259999902919,0.296875,0.0,369,0.0011466418057570168,0.00018925551806389486,630,-0.0009131928869516362,0.0004983126984048449
T2_TAILS,shift_jump|EW,1009,shift_jump,a28486d3ddd947db0b403ffd2b98f56716c0fd9ba4e4fa478eb7fbb363ac5334,TIER2,false,none,none,999,0.00023919521406966346,0.0005132046994376652,-0.32770555882931973,0.167612901439614,0.13021109904367123,0.01055862032702854,-0.46578143703997477,7.236254743223957,-0.004866092660876675,0.35962144577081556,0.5499005345691721,0.05286291494661589,0.009455048110605983,0.00173055579146886,0.9996995604674276,0.9996995604674276,0.0,200,0,0.0,0,0,0,0.0,5.391793074096443e-16,0,0,5759,0,0.2896559000364505,0.28125,0.0,369,0.0005662282901629497,0.00017153492708861615,630,4.76472695007387e-05,0.0007138169427649618
T2_TAILS,shift_jump|EW,1010,shift_jump,a28486d3ddd947db0b403ffd2b98f56716c0fd9ba4e4fa478eb7fbb363ac5334,TIER2,false,none,none,999,-0.0006744877934994644,0.0004769435745523242,-0.5305402663234221,-0.49027625912050027,-0.5281272493258752,-0.030884501317902536,-0.14788978371910763,5.026407903963016,-0.20574196327512162,0.3466839782672192,0.7020760026420461,0.05081151164224001,0.011204568375065173,0.002373626733697023,0.9997944401457322,0.9997944401457322,0.0,200,0,0.0,0,0,0,0.0,5.524393134784784e-16,0,0,5919,0,0.288939299993217,0.265625,0.0,369,-0.001341717223460785,0.00021999106853599624,630,-0.0002836819845221194,0.000627619201592942
T2_TAILS,shift_jump|EW,1011,shift_jump,a28486d3ddd947db0b403ffd2b98f56716c0fd9ba4e4fa478eb7fbb363ac5334,TIER2,false,none,none,999,0.0004454907420971804,0.00044805896447069616,-0.22646891013135687,0.3340960709146062,0.2955509315239905,0.021046074229615422,0.025500046158892883,4.355342852961449,0.057444999391631724,0.33602211094899015,0.49416222283464983,0.047224857064710274,0.010543005940710181,0.0023006177260513805,0.9997782921656289,0.9997782921656289,0.0,200,0,0.0,0,0,0,0.0,5.918368542355676e-16,0,0,5832,0,0.28174820001004264,0.28125,0.0,369,0.0006382360369195016,0.00020763164164600898,630,0.00033259706941553513,0.0005894001024666504
T2_TAILS,shift_jump|EW,1012,shift_jump,a28486d3ddd947db0b403ffd2b98f56716c0fd9ba4e4fa478eb7fbb363ac5334,TIER2,false,none,none,999,0.0007443024258583391,0.00046004407194485757,-0.16022910707401086,0.5508710956693152,0.5125034845325349,0.03470161722844472,0.188182226163236,4.385415848964452,0.13856735262323872,0.34048657261352333,0.4075024843906633,0.044739905013208466,0.009376846737072654,0.0019384893669516649,0.9997183283472885,0.9997183283472885,0.0,200,0,0.0,0,0,0,0.0,5.638255684843704e-16,0,0,5908,1,0.28790070000104606,0.296875,0.0,369,-0.00044930365968109894,0.0002642172958904944,630,0.0014434145616742957,0.0005740196961494139
T2_TAILS,shift_jump|EW,1013,shift_jump,a28486d3ddd947db0b403ffd2b98f56716c0fd9ba4e4fa478eb7fbb363ac5334,TIER2,false,none,none,999,8.258175395812415e-05,0.0005468069593099964,-0.39257545924091,0.05606184113589043,0.02054554530002577,0.003531564040142307,0.09320476770518073,6.372255038293274,-0.04689320879209202,0.37120796562859354,0.6248824323502599,0.05389088393235809,0.010023972541761976,0.0019160779294895582,0.9995645892001404,0.9995645892001404,0.0,200,0,0.0,0,0,0,0.0,7.526185520173418e-16,0,0,5709,0,0.27917519997572526,0.28125,0.0,369,0.000317142771917291,0.00016518535536998773,630,-5.480398513224501e-05,0.0007708949785401359
T2_TAILS,shift_jump|EW,1014,shift_jump,a28486d3ddd947db0b403ffd2b98f56716c0fd9ba4e4fa478eb7fbb363ac5334,TIER2,false,none,none,999,-0.0010172207792739942,0.0006226252299471215,-0.7270443102170704,-0.6471457985633473,-0.6794735743886409,-0.04076635345235518,0.014201483712355443,5.976693190413701,-0.28475533322667,0.39610801297963494,0.7397929085139013,0.05765336199727877,0.010286645727129819,0.0024745695792748384,0.9995828962981383,0.9995828962981383,0.0,200,0,0.0,0,0,0,0.0,7.175170046955153e-16,0,0,5391,0,0.26983669999754056,0.265625,0.0,369,-0.0018744883382444063,0.0002789153758159403,630,-0.0005151069233056098,0.0008240208357921298
T2_TAILS,shift_jump|EW,1015,shift_jump,a28486d3ddd947db0b403ffd2b98f56716c0fd9ba4e4fa478eb7fbb363ac5334,TIER2,false,none,none,999,-0.00014102025555887558,0.00040210295271908217,-0.3395269366564628,-0.11163827997946763,-0.15311101921986597,-0.007032550610016007,-0.04314105743610003,5.036174124923152,-0.0826341375070424,0.3183236467578378,0.6080246521138124,0.044956457934137474,0.01046021324513901,0.0021278712255715657,0.9994861412099788,0.9994861412099788,0.0,200,0,0.0,0,0,0,0.0,5.70619232508241e-16,0,0,5650,0,0.28160620003473014,0.28125,0.0,369,0.0005337045626786532,0.0002390646948200989,630,-0.000536216220526571,0.000497705178446331
T2_TAILS,shift_jump|EW,1016,shift_jump,a28486d3ddd947db0b403ffd2b98f56716c0fd9ba4e4fa478eb7fbb363ac5334,TIER2,false,none,none,999,0.0011879912291563226,0.0004728946976003504,-0.05813460163847157,0.8672239884418252,0.8313395200503799,0.054629976295395774,0.2542358850189189,5.917008096546258,0.2711853870348333,0.34520930432896546,0.45127859389602787,0.04555971317799787,0.010170064083608354,0.0025329945788542356,0.9997640539704963,0.9997640539704963,0.0,200,0,0.0,0,0,0,0.0,6.384612074217665e-16,0,0,5526,0,0.27966219995869324,0.28125,0.0,369,0.0018360728078118454,0.000193737673477356,630,0.0008084005902295165,0.000636578195024904
T2_TAILS,shift_jump|EW,1017,shift_jump,a28486d3ddd947db0b403ffd2b98f56716c0fd9ba4e4fa478eb7fbb363ac5334,TIER2,false,none,none,999,-8.282441372708649e-05,0.0003936613854821285,-0.31847975968371495,-0.06626698818501604,-0.1094509669824466,-0.004174427877876379,-0.23883852897905256,4.343435639374068,-0.06819547728623121,0.3149645521983329,0.49332572701888117,0.04472298990880247,0.008918802307874642,0.001628829913220044,0.9995537674990155,0.9995537674990155,0.0,200,0,0.0,0,0,0,0.0,6.751683790682513e-16,0,0,5206,0,0.2682838999899104,0.265625,0.0,369,8.26963347843049e-05,0.00019090175103644513,630,-0.00017977228071233,0.0005128874204978156
T2_TAILS,shift_jump|EW,1018,shift_jump,a28486d3ddd947db0b403ffd2b98f56716c0fd9ba4e4fa478eb7fbb363ac5334,TIER2,false,none,none,999,0.00017427812514125919,0.0005511430654228641,-0.3727460699240879,0.11784494984303744,0.08237232182575206,0.007423534060703743,0.053475975600688896,7.129266523432148,-0.02519209003451839,0.3726768740967995,0.5778505021231294,0.05307628293810479,0.010448752380206532,0.002126572062814088,0.999658870266935,0.999658870266935,0.0,200,0,0.0,0,0,0,0.0,6.412159734064356e-16,0,0,5839,0,0.28115479997359216,0.28125,0.0,369,-0.00018096136601402211,0.00021431711658513665,630,0.00038234696996078106,0.000748963815631796
T2_TAILS,shift_jump|EW,1019,shift_jump,a28486d3ddd947db0b403ffd2b98f56716c0fd9ba4e4fa478eb7fbb363ac5334,TIER2,false,none,none,999,-0.0011202460768990974,0.0006063547701524524,-0.7407062176138266,-0.7221880581982216,-0.7538122025443847,-0.04549357147174132,-0.16067811473188387,5.141352769697388,-0.3018202445864381,0.3908981991240405,0.7874742296891886,0.06078639103795824,0.011631124153662532,0.0032356300840299655,0.9995700788686568,0.9995700788686568,0.0,200,0,0.0,0,0,0,0.0,5.087104614724814e-16,0,0,5595,4,0.2798575999913737,0.265625,0.0,369,-0.00031541972691354053,0.00022126981201758385,630,-0.0015916443676049236,0.0008320123297579396
T2_TAILS,shift_jump|EW,1020,shift_jump,a28486d3ddd947db0b403ffd2b98f56716c0fd9ba4e4fa478eb7fbb363ac5334,TIER2,false,none,none,999,-0.00039300098495650477,0.0004044901400943588,-0.4048307941203744,-0.31019867569666304,-0.3520509163738514,-0.019540679831308236,-0.11935359443626835,4.489446250093349,-0.13941124749940548,0.3192671534996646,0.6703442372128473,0.046118539590000965,0.010048246019295064,0.0018249562820521386,0.9996617411305116,0.9996617411305116,0.0,200,0,0.0,0,0,0,0.0,5.831858893537809e-16,0,0,5793,0,0.2867227000533603,0.28125,0.0,369,-0.00026636323349823007,0.0002500110018266364,630,-0.00046717452509635143,0.0004954971818200275
T2_TAILS,shift_jump|EW,1021,shift_jump,a28486d3ddd947db0b403ffd2b98f56716c0fd9ba4e4fa478eb7fbb363ac5334,TIER2,false,none,none,999,-7.581226400441474e-05,0.0003404598588590209,-0.2764923438265323,-0.06522390237907083,-0.11084459880524657,-0.0041087196483851314,-0.2818159074565183,6.215299953499034,-0.06026987708819176,0.29290934507535477,0.5866901422396217,0.04068542490141883,0.009960444307258879,0.002040050165064399,0.9995625776882436,0.9995625776882436,0.0,200,0,0.0,0,0,0,0.0,5.384612771021146e-16,0,0,5513,0,0.282088800042402,0.28125,0.0,369,0.0007510452681854486,0.00017833174007938961,630,-0.0005601145328584775,0.00043521909421654644
T2_TAILS,shift_jump|EW,1022,shift_jump,a28486d3ddd947db0b403ffd2b98f56716c0fd9ba4e4fa478eb7fbb363ac5334,TIER2,false,none,none,999,0.0007650322929158903,0.0005267199335967205,-0.20541213198431632,0.5291638417523001,0.4957188999651579,0.0333341887639077,0.08554236531833115,4.8816440159738566,0.13486957476108974,0.3643259848904186,0.4142142007572374,0.05195599702292906,0.011644169400674666,0.003146219429892743,0.9995381545214816,0.9995381545214816,0.0,200,0,0.0,0,0,0,0.0,6.580127315539515e-16,0,0,5413,5,0.27601879998110235,0.28125,0.0,369,0.0004001993178776777,0.00020164437266703269,630,0.0009787201782954149,0.000717620798348956
T2_TAILS,shift_jump|EW,1023,shift_jump,a28486d3ddd947db0b403ffd2b98f56716c0fd9ba4e4fa478eb7fbb363ac5334,TIER2,false,none,none,999,0.00043656071014456946,0.00042753755322299625,-0.21320509128015366,0.33516432339490504,0.29486963637121005,0.021113367810574914,-0.2980033041263006,5.9698334841859335,0.05752279018001216,0.3282369013566193,0.38817135174987016,0.04725302416787603,0.009674184808745845,0.001833420595693133,0.999753622336515,0.999753622336515,0.0,200,0,0.0,0,0,0,0.0,7.139958723484046e-16,0,0,5948,0,0.3000334999524057,0.3125,0.0,369,0.0006923155617235151,0.00018824199644598696,630,0.0002867614399340441,0.0005681576309160538
T2_TAILS,shift_jump|EW,1024,shift_jump,a28486d3ddd947db0b403ffd2b98f56716c0fd9ba4e4fa478eb7fbb363ac5334,TIER2,false,none,none,999,0.0007438846819412547,0.0004737048194996208,-0.17066190369251716,0.5425652622001235,0.503686718044889,0.03417839890009714,0.10749327014969977,4.454054661455484,0.13641838260154837,0.34550486901620425,0.6175546280034682,0.046002384075094556,0.0094514494030898,0.0017351823013619621,0.9996442142708241,0.9996442142708241,0.0,200,0,0.0,0,0,0,0.0,5.572011292319401e-16,0,0,5504,0,0.27662509999936447,0.265625,0.0,369,0.0004717508813148488,0.0002666000430067832,630,0.0009032773365938637,0.0005955568541833891
T2_TAILS,shift_jump|EW,1025,shift_jump,a28486d3ddd947db0b403ffd2b98f56716c0fd9ba4e4fa478eb7fbb363ac5334,TIER2,false,none,none,999,-0.0008664568691943271,0.00045836142081256314,-0.5648683651712681,-0.6424557065184764,-0.6814656778441779,-0.040470905424337775,-0.18826246446866027,4.663345048508027,-0.24153255515947747,0.3398633225941951,0.8084844603969429,0.050641682508253336,0.010391441653570883,0.0021554706432356514,0.9996258387566341,0.9996258387566341,0.0,200,0,0.0,0,0,0,0.0,5.766131194551017e-16,0,0,5361,0,0.27766770002199337,0.28125,0.0,369,0.0009943086714269684,0.00021741218148227525,630,-0.0019563338287010863,0.0005968378977761259
T2_TAILS,shift_jump|EW,1026,shift_jump,a28486d3ddd947db0b403ffd2b98f56716c0fd9ba4e4fa478eb7fbb363ac5334,TIER2,false,none,none,999,-0.0001853991191394189,0.0005333153475287966,-0.4499069807549038,-0.12744297350743125,-0.16414429818605447,-0.008028152720077526,-0.124706747193507,5.096227108251598,-0.10783293524215076,0.3665998739460459,0.554729807739977,0.05415974417509272,0.010488942403213304,0.001992876773243826,0.9996887802136406,0.9996887802136406,0.0,200,0,0.0,0,0,0,0.0,6.787364978020854e-16,0,0,5605,0,0.28119109995895997,0.28125,0.0,369,-0.00022551978360348576,0.0002563109326634277,630,-0.00016189987281046544,0.0006962247245644292
T2_TAILS,shift_jump|EW,1027,shift_jump,a28486d3ddd947db0b403ffd2b98f56716c0fd9ba4e4fa478eb7fbb363ac5334,TIER2,false,none,none,999,0.00019305570782769877,0.0005017019231822,-0.3306366155531631,0.13682329150001143,0.10220362375217018,0.008619057211198282,-0.10260893946559016,6.255213273159822,-0.014570946798759254,0.3555683965735909,0.6041826954962017,0.05294634361688169,0.010456620834782005,0.0025586019686587346,0.9995849938007276,0.9995849938007276,0.0,200,0,0.0,0,0,0,0.0,5.9202192197122925e-16,0,0,5545,10,0.2831097999587655,0.28125,0.0,369,0.00027657555518322273,0.0001662666176975006,630,0.0001441369400908919,0.0006987413710982975
T2_TAILS,shift_jump|EW,1028,shift_jump,a28486d3ddd947db0b403ffd2b98f56716c0fd9ba4e4fa478eb7fbb363ac5334,TIER2,false,none,none,999,0.0013160129040495452,0.0005494368720085478,-0.08373902341797673,0.8912540525707258,0.8569547106729447,0.05614372804953874,-0.10293209725486929,6.14321717423783,0.29980227032577855,0.3720995723541671,0.3730975792132238,0.05548348274871723,0.010732116491933725,0.0021608828088528764,0.9997811918797072,0.9997811918797072,0.0,200,0,0.0,0,0,0,0.0,6.96628939025919e-16,0,0,5991,0,0.306387500022538,0.296875,0.0,369,0.0010475740394370115,0.0001489997535173101,630,0.0014732413818940291,0.0007845213433105204
T2_TAILS,shift_jump|EW,1029,shift_jump,a28486d3ddd947db0b403ffd2b98f56716c0fd9ba4e4fa478eb7fbb363ac5334,TIER2,false,none,none,999,0.0023701846662515275,0.0005706878752765387,0.16584650218632163,1.575009333253577,1.542241909549258,0.09921626210463376,0.2767746202068361,4.980676708087665,0.690964162702715,0.3792272993465631,0.23373933265220548,0.050324847078170656,0.009930333640176474,0.0022704819644053372,0.9998274387052377,0.9998274387052377,0.0,200,0,0.0,0,0,0,0.0,6.19705491693617e-16,0,0,5851,0,0.29074269998818636,0.28125,0.0,369,0.0016393766503595927,0.00021829140652222868,630,0.002798229361273946,0.000777269882750425
T2_TAILS,shift_jump|MV,1000,shift_jump,d16b3fd624db6df5fff78b07450e6f435ac8590da58646ccbca83103c022c030,TIER2,false,plain,ewma,999,1.8742631597652465e-05,6.83474883841303e-06,-0.00044392695923182893,0.11380715303609931,0.3714112008956661,0.007169176770328292,0.9112217476405484,24.039296019481064,0.003871585285881496,0.04150128560996735,0.0801966382383675,0.0061385235342233165,0.03409208554010272,0.010598833224521452,0.3048547581313723,0.0006652245943720494,0.0,200,0,0.0,200,0,0,3.2222395074816807e-13,3.0130663749991014e-16,0,0,5178,0,1.0484583000070415,1.03125,3.080306998162996,369,0.0001603648777408517,1.6248355369248996e-05,630,-6.420754114336424e-05,1.3194733269647172e-06
T2_TAILS,shift_jump|MV,1001,shift_jump,d16b3fd624db6df5fff78b07450e6f435ac8590da58646ccbca83103c022c030,TIER2,false,plain,ewma,999,-8.605505402591195e-05,6.56971793005888e-06,-0.026652580369654323,-0.532970645748569,-0.21790619534023878,-0.03357399487495757,-0.0526590624838869,23.100846466106965,-0.02226249242604683,0.04068868292750255,0.12338986460197814,0.006590328532885175,0.03126234401823212,0.012532479145056803,0.31493685852465736,0.004973300738730887,0.0,200,0,0.0,200,0,0,1.6418437788588843e-13,3.5195975021923864e-16,0,0,5125,1,1.0413938999990933,1.03125,3.0945334979332983,369,1.9212243065189183e-05,5.652464285641068e-07,630,-0.00014771161375069975,1.0082804259962476e-05
T2_TAILS,shift_jump|MV,1002,shift_jump,d16b3fd624db6df5fff78b07450e6f435ac8590da58646ccbca83103c022c030,TIER2,false,plain,ewma,999,-0.00016423236491150287,5.3718349144805135e-06,-0.04544766315304599,-1.1248579660551672,-0.8129746981784659,-0.07085939139171207,-0.12385135343957408,6.93628715911558,-0.04119397510632439,0.036792694906042006,0.1698985685082914,0.006041594202058593,0.0391932977557903,0.011284019354282422,0.41267575591640354,0.002412492259544694,0.0,200,0,0.0,200,0,0,1.7016452714893958e-12,4.005216585907627e-16,0,0,5160,0,1.0181245999992825,1.015625,3.0279919976601377,369,-0.00013699029207524314,7.22417620722483e-06,630,-0.00018018843614416927,4.295962096366564e-06
T2_TAILS,shift_jump|MV,1003,shift_jump,d16b3fd624db6df5fff78b07450e6f435ac8590da58646ccbca83103c022c030,TIER2,false,plain,ewma,999,-0.00016441509307968088,1.0992767003188836e-05,-0.049743135310490336,-0.7872060833490161,-0.45095331128649524,-0.04958932207377811,-0.36905421614183637,7.570222879603475,-0.04191746729988999,0.05263247367171323,0.16498372846557643,0.008549437518284287,0.060480665824772344,0.018751710366599207,0.5213619306153181,-5.530506054877797e-07,0.0,200,0,0.0,200,0,0,2.7618774608295238e-12,3.8517956093523524e-16,0,0,5108,0,1.0053295000107028,1.0,3.0035509981098585,369,-0.00027584922608182817,1.6325715572755452e-05,630,-9.914652946413748e-05,7.878620454301204e-06
T2_TAILS,shift_jump|MV,1004,shift_jump,d16b3fd624db6df5fff78b07450e6f435ac8590da58646ccbca83103c022c030,TIER2,false,plain,ewma,999,4.343336857637014e-06,8.73324843731516e-06,-0.005507814930485733,0.02333113552328162,0.433130236068903,0.0014697233904606662,-0.20241666679957337,6.402592102006926,-5.22869193653186e-06,0.04691245683401606,0.12350611922272764,0.0070283117468731724,0.05068060293573626,0.018700335456206547,0.42807022309458387,-0.0020463905547570467,0.0,200,0,0.0,200,0,0,1.5172527309462633e-12,3.494212941985608e-16,0,0,5352,0,1.0158241000026464,1.015625,3.0371495001600124,369,0.00026202872223257857,7.987788661685925e-06,630,-0.00014658667457625733,9.121497849343854e-06
T2_TAILS,shift_jump|MV,1005,shift_jump,d16b3fd624db6df5fff78b07450e6f435ac8590da58646ccbca83103c022c030,TIER2,false,plain,ewma,999,-2.000232954681815e-05,4.206211917084366e-06,-0.008220483255113955,-0.1548229270313715,0.12309231202128165,-0.009752927670859727,-0.09757648226239364,7.238051238477386,-0.005554704748198636,0.03255710987027657,0.05886321291942696,0.005069184674166291,0.038714649025893326,0.009540858544095218,0.3925520192332077,-0.0023333498840005114,0.0,200,0,0.0,200,0,0,9.503014066247693e-13,3.4380676098660215e-16,0,0,4897,0,0.9982084999792278,1.0,2.972173497546464,369,-2.3204242903174032e-05,2.5465290380782576e-06,630,-1.8126923152381136e-05,5.183896356682835e-06
T2_TAILS,shift_jump|MV,1006,shift_jump,d16b3fd624db6df5fff78b07450e6f435ac8590da58646ccbca83103c022c030,TIER2,false,plain,ewma,999,3.455418304381002e-05,3.6322847440979806e-06,0.005961646860502051,0.28781336464333723,0.5321523217969564,0.018130537782071916,0.3941027206386633,9.564930626373075,0.008284675984747913,0.030254516282907106,0.044784470980065355,0.004572180180851757,0.03051966487583654,0.007581847773664678,0.3235597300965951,0.0008976546920159735,0.0,200,0,0.0,199,1,0,8.16116720491097e-13,2.9877485598346183e-16,0,0,5174,0,1.0384960999945179,1.015625,3.0635809994419105,369,-2.6255858293526304e-05,4.019010536525277e-06,630,7.017149296996414e-05,3.4083633910487075e-06
T2_TAILS,shift_jump|MV,1007,shift_jump,d16b3fd624db6df5fff78b07450e6f435ac8590da58646ccbca83103c022c030,TIER2,false,plain,ewma,999,9.610119330462776e-05,1.0072616821264607e-05,0.01660260239589015,0.4806820385226375,0.9129836049951146,0.030280122229201623,-0.1460052295395264,8.253823864841086,0.023213594390046,0.05038153867200446,0.07820611291455604,0.007642219944857953,0.05737495207833803,0.021276741986215833,0.4668003927277423,-0.0018086097392998933,0.0,200,0,0.0,200,0,0,2.8109715377352797e-12,3.49973018560316e-16,0,0,5472,0,1.0282811999786645,1.015625,3.0284884994034655,369,0.00016444217054509185,5.271453793056597e-06,630,5.6072906635213066e-05,1.2893233314978105e-05
T2_TAILS,shift_jump|MV,1008,shift_jump,d16b3fd624db6df5fff78b07450e6f435ac8590da58646ccbca83103c022c030,TIER2,false,plain,ewma,999,0.00012115192696670628,1.2621107873556203e-05,0.020988728043201493,0.5413546321177809,0.8980019845755352,0.034102136373250186,0.22404265072257576,19.085359655074587,0.02936365802812535,0.056396091922545154,0.07238821312992931,0.007574018854177571,0.06017740189016301,0.01985932212448521,0.5351679032412294,0.0006056143795722419,0.0,200,0,0.0,200,0,0,2.5491283485674386e-12,3.466902437966949e-16,0,0,5567,0,1.028291700000409,1.015625,3.0130729998927563,369,0.0004011428001678691,2.4558508467116364e-05,630,-4.284272733683194e-05,5.584202627119171e-06
T2_TAILS,shift_jump|MV,1009,shift_jump,d16b3fd624db6df5fff78b07450e6f435ac8590da58646ccbca83103c022c030,TIER2,false,plain,ewma,999,5.9899926620290017e-05,2.1692413448625483e-05,-0.0013046830588477807,0.2041609247050185,0.7909271725249944,0.01286092938586814,0.22586493281584133,6.363641753019238,0.012442648192880768,0.07393570307404686,0.14064792669831647,0.010760753986285761,0.12252884024316829,0.043485069108207826,0.8315939026065098,-0.00023287007168306965,0.0,200,0,0.0,200,0,0,1.4171364357063595e-11,3.0883465250406656e-16,0,0,5401,0,1.0069966000155546,1.015625,2.939202997076791,369,0.000182288245471679,1.0121889677486532e-05,630,-1.1784660135523538e-05,2.8482366673622657e-05
T2_TAILS,shift_jump|MV,1010,shift_jump,d16b3fd624db6df5fff78b07450e6f435ac8590da58646ccbca83103c022c030,TIER2,false,plain,ewma,999,-4.470959049747143e-05,3.3143356378323354e-06,-0.013772454547564046,-0.3898546504709556,-0.13090335830207664,-0.024558534585908533,1.2128797436432095,19.272074188299694,-0.011615704241308866,0.028900044649338322,0.09923806997734762,0.004511116751982911,0.026248525254301654,0.006997801515078215,0.27103464313823405,-0.0026023286888640592,0.0,200,0,0.0,200,0,0,1.1029875974819931e-12,3.212759515330287e-16,0,0,5116,0,1.0012358999811113,1.0,2.972024499613326,369,-6.7973440406434e-05,7.528524399369872e-06,630,-3.108362126507907e-05,8.535664738918515e-07
T2_TAILS,shift_jump|MV,1011,shift_jump,d16b3fd624db6df5fff78b07450e6f435ac8590da58646ccbca83103c022c030,TIER2,false,plain,ewma,999,-2.5736006664897623e-05,1.5143946448937569e-06,-0.007630356031093881,-0.33198762704087054,-0.13828021616092395,-0.020913254750014418,-1.4100639429221606,28.48454511287531,-0.0066541764871663744,0.01953528731586067,0.07455936378585122,0.0030231403395148625,0.015124254046640641,0.0038340111628678295,0.16148462518248416,0.0006412100201971084,0.0,200,0,0.0,200,0,0,5.397137676985042e-14,3.4585743406163746e-16,0,0,5066,0,0.9954111999832094,1.0,2.9798024997580796,369,2.1521225185629657e-05,1.038256985471865e-06,630,-5.34152424630636e-05,1.7932918107008382e-06
T2_TAILS,shift_jump|MV,1012,shift_jump,d16b3fd624db6df5fff78b07450e6f435ac8590da58646ccbca83103c022c030,TIER2,false,plain,ewma,999,-0.00019876336303789195,6.415618679405455e-06,-0.05493857520717929,-1.245711102388312,-0.9759980809810614,-0.07847242338932364,-1.3593968513773365,11.740908652276019,-0.049629252934096924,0.04020865463069082,0.22903513774633208,0.007522418669147579,0.04110567926364343,0.010879048504180686,0.4281796485266605,0.00424121564309227,0.0,200,0,0.0,200,0,0,9.221246876852048e-13,3.3493984847349267e-16,0,0,5306,0,0.9956916000228375,0.984375,2.9478049994213507,369,-0.00040624346338091034,1.0792609675094866e-05,630,-7.723930426555264e-05,3.824989620870375e-06
T2_TAILS,shift_jump|MV,1013,shift_jump,d16b3fd624db6df5fff78b07450e6f435ac8590da58646ccbca83103c022c030,TIER2,false,plain,ewma,999,-3.673792260942992e-05,1.1669086445118224e-05,-0.018079785850085718,-0.17072473087414838,0.1574364629710991,-0.010754647155748273,-1.1157023533609416,19.393783799202325,-0.010673594843996437,0.05422738961235173,0.15138306815654845,0.008922874955176536,0.042765723514113535,0.017773153360440445,0.3967145363698365,-0.003837102716479131,0.0,200,0,0.0,200,0,0,2.202071195600257e-12,3.0781593235357655e-16,0,0,5101,0,0.9693992999964394,0.96875,2.886385998863261,369,7.29054901069258e-05,1.0888852243724864e-06,630,-0.00010095763577186684,1.7866461498271274e-05
T2_TAILS,shift_jump|MV,1014,shift_jump,d16b3fd624db6df5fff78b07450e6f435ac8590da58646ccbca83103c022c030,TIER2,false,plain,ewma,999,0.00017930254159773666,9.647379074937272e-06,0.03789082190197706,0.9163935932823419,1.3825291662094206,0.057727370258998746,0.3700697095483697,7.332998005745991,0.044948037585105904,0.04930658705370097,0.06378030334109196,0.007061166581660101,0.04941403394762831,0.02360638890661832,0.5255825095243699,0.0030646919505813415,0.0,200,0,0.0,200,0,0,1.278194248957458e-12,2.9028687910507596e-16,0,0,5067,1,1.0091331000439823,1.0,3.054157503065653,369,0.00028121407315470555,1.2386497734099233e-05,630,0.00011961150168579774,8.05051832837285e-06
T2_TAILS,shift_jump|MV,1015,shift_jump,d16b3fd624db6df5fff78b07450e6f435ac8590da58646ccbca83103c022c030,TIER2,false,plain,ewma,999,-3.9586165726744e-06,4.71428065860775e-06,-0.004561567554221407,-0.028942496658748783,0.23362154903962723,-0.0018232059161992172,0.14396728029268083,13.372563136232055,-0.001589613144182156,0.03446735739753126,0.08447790966469694,0.005145841939817584,0.03323365177071777,0.009462719845409188,0.31679193076048245,-0.003700539763912343,0.0,200,0,0.0,200,0,0,1.0233950049663413e-12,3.2515515312541837e-16,0,0,5122,0,1.012317000015173,1.015625,3.0161890006274916,369,9.696384335473704e-05,9.81149092798303e-06,630,-6.307034310158682e-05,1.730148967633986e-06
T2_TAILS,shift_jump|MV,1016,shift_jump,d16b3fd624db6df5fff78b07450e6f435ac8590da58646ccbca83103c022c030,TIER2,false,plain,ewma,999,-6.725974085979974e-05,9.062457404589078e-06,-0.023800672494538877,-0.3546765464062894,-0.008129937751050927,-0.022342522325197647,-0.3220819396946628,7.7180168649614656,-0.017929009913553284,0.04778848465850793,0.10641216617061441,0.007765448757103477,0.05815581257631062,0.01676918912647386,0.47924223958683726,-0.0025487119984595056,0.0,200,0,0.0,199,1,0,3.508181363001199e-12,3.374168995761652e-16,0,0,5086,0,0.9990890999906696,1.0,2.9757690025144257,369,1.1768848223271132e-05,8.70208045022763e-06,630,-0.0001135479144655984,9.281895791945764e-06
T2_TAILS,shift_jump|MV,1017,shift_jump,d16b3fd624db6df5fff78b07450e6f435ac8590da58646ccbca83103c022c030,TIER2,false,plain,ewma,999,-7.689348533189431e-05,3.4817637813089456e-06,-0.02200937172230693,-0.65416930953185,-0.3291973548873121,-0.04120879305600262,-0.7781551354437279,9.468618711938051,-0.019621605695150035,0.02962101404222776,0.1077244945507301,0.004957354036978956,0.03623081371487361,0.009779067934683175,0.340512894282301,0.003948836058258798,0.0,200,0,0.0,200,0,0,2.28837048398033e-12,2.9903929343401117e-16,0,0,4657,0,0.9820681000128388,0.96875,2.976783999474719,369,-0.0002319084150542292,6.857045244713876e-06,630,1.390097350547326e-05,1.4902180946461446e-06
T2_TAILS,shift_jump|MV,1018,shift_jump,d16b3fd624db6df5fff78b07450e6f435ac8590da58646ccbca83103c022c030,TIER2,false,plain,ewma,999,-8.35280597102768e-05,8.194262032973226e-06,-0.027243933143917515,-0.4632098008188047,-0.145394860226937,-0.02917947470986477,-0.0846453923540233,12.240333272423262,-0.021839766238567426,0.04544176528601472,0.14228934223843506,0.007323282513410967,0.04858645732021572,0.014257868689735888,0.4316254564816747,0.001204210863088994,0.0,200,0,0.0,200,0,0,1.1041663647099403e-12,3.582276505434185e-16,0,0,5357,0,1.0110881999717094,1.015625,2.999637501197867,369,-1.1338517300736576e-05,8.005835352382385e-06,630,-0.0001258105059787218,8.312681718812295e-06
T2_TAILS,shift_jump|MV,1019,shift_jump,d16b3fd624db6df5fff78b07450e6f435ac8590da58646ccbca83103c022c030,TIER2,false,plain,ewma,999,0.0001203778181398839,6.829948270389966e-06,0.025171769278835927,0.7312031112350647,1.0030702104305855,0.04606146643344476,0.09635508439596223,10.029363766479152,0.02991265136828991,0.041486708282753304,0.04266417729493589,0.006391622439185802,0.036255695022156635,0.011585334608562224,0.32483120660778975,0.0032277985786258387,0.0,200,0,0.0,200,0,0,5.347472763202091e-13,2.981270177714544e-16,0,0,4954,0,1.011571700044442,1.015625,3.048190498666372,369,0.0003278265611709529,1.1931976691282663e-05,630,-1.127874206885074e-06,3.815802789367025e-06
T2_TAILS,shift_jump|MV,1020,shift_jump,d16b3fd624db6df5fff78b07450e6f435ac8590da58646ccbca83103c022c030,TIER2,false,plain,ewma,999,3.457321329049347e-06,1.9268323330893736e-06,-0.0005854402688951311,0.039538305538426854,0.2528541608483361,0.002490679136084886,0.13699999725363807,9.901375950584475,0.000628933411373156,0.02203546568463036,0.031613749624677556,0.00327188555375461,0.01902962394834796,0.0046199674249520605,0.2381127548864558,0.00039287807375840665,0.0,200,0,0.0,200,0,0,2.413012638026643e-12,3.1835407152707955e-16,0,0,5026,0,0.9988959999755025,0.984375,2.9789430019445717,369,-4.5753116196188854e-06,2.9030962825767164e-06,630,8.162149198983598e-06,1.3586669031347419e-06
T2_TAILS,shift_jump|MV,1021,shift_jump,d16b3fd624db6df5fff78b07450e6f435ac8590da58646ccbca83103c022c030,TIER2,false,plain,ewma,999,6.435396934631663e-05,4.004894748176072e-06,0.013189499845650682,0.5104815569685522,0.8328763083163934,0.032157315443424775,-0.1310034044046491,11.693788966684151,0.015836622782474663,0.03176843522335292,0.040142736732277494,0.004922075398539932,0.030667688325667054,0.009416836303438475,0.3101918281928734,-0.004592799158997885,0.005005005005005005,200,0,0.0,200,0,0,6.2507547254929e-13,2.91133525151245e-16,0,0,4840,1,0.9929462000145577,1.0,2.9995019984198734,369,8.684398841492499e-06,1.2474701870384238e-06,630,9.696043207057076e-05,5.621625687220691e-06
T2_TAILS,shift_jump|MV,1022,shift_jump,d16b3fd624db6df5fff78b07450e6f435ac8590da58646ccbca83103c022c030,TIER2,false,plain,ewma,999,9.301183149337247e-05,2.4876562950338882e-05,0.004632299945873669,0.2960351486025773,0.8135918211014247,0.018648461488963566,-0.03404822235979055,7.061575388597263,0.020514115878283334,0.07917634661617949,0.12170011508247655,0.012394376753117331,0.08802014176646669,0.04086064680071163,0.646377456997645,0.0018708674791278904,0.0,200,0,0.0,200,0,0,4.320082496402422e-12,3.1402524827727655e-16,0,0,5125,3,1.0119399999966845,0.984375,3.0241720014601015,369,0.000401258898812324,3.1399930862067375e-05,630,-8.753287936487055e-05,2.1011190050767962e-05
T2_TAILS,shift_jump|MV,1023,shift_jump,d16b3fd624db6df5fff78b07450e6f435ac8590da58646ccbca83103c022c030,TIER2,false,plain,ewma,999,1.3369804431599334e-05,4.578104013998936e-06,-9.185591782016333e-05,0.09919333618905718,0.35278650110406656,0.006248592839787351,0.5051965730329139,25.04407701377414,0.0027972070049844255,0.033965897773027165,0.05689109641392807,0.0051778639421858515,0.03190145776583381,0.008266845970860377,0.31211326277809676,0.0003151218494421544,0.0,200,0,0.0,200,0,0,1.7504351497500345e-12,3.30883131993592e-16,0,0,5144,0,1.0348238000296988,1.03125,3.0250925014843233,369,3.7970798897203976e-05,1.1620596835171646e-05,630,-1.0393494696833838e-06,4.6456922987584863e-07
T2_TAILS,shift_jump|MV,1024,shift_jump,d16b3fd624db6df5fff78b07450e6f435ac8590da58646ccbca83103c022c030,TIER2,false,plain,ewma,999,0.00014999535586697496,1.1343586437678803e-05,0.029223078331592513,0.7069731021785776,1.1194647808910794,0.04453511933277077,-0.08324822082143764,6.710939343577936,0.037037656203631864,0.05346572530411477,0.08823128162487286,0.00802733593070433,0.07348782941573449,0.021616262615502427,0.6193255102075262,-0.0020100764657214444,0.0,200,0,0.0,200,0,0,5.637535036765613e-12,3.256666058563841e-16,0,0,5134,0,1.009999300003983,0.984375,2.9990509973140433,369,0.000199344016086258,1.7504685059750234e-05,630,0.00012109114059568057,7.754769801114987e-06
T2_TAILS,shift_jump|MV,1025,shift_jump,d16b3fd624db6df5fff78b07450e6f435ac8590da58646ccbca83103c022c030,TIER2,false,plain,ewma,999,-6.723425243659986e-06,4.582281808905068e-06,-0.005158508208934548,-0.0498597335693275,0.22193681380633334,-0.0031408679871518905,0.24703633749023232,11.634795785737863,-0.0022683416612361285,0.0339813921999096,0.05169756600739263,0.005451172885791309,0.03411419060115103,0.009100014577680685,0.3008756188476928,0.002383793514092025,0.0,200,0,0.0,200,0,0,5.266123151957176e-13,3.4538652865127865e-16,0,0,4868,0,1.0043174999882467,1.015625,3.0059365008492023,369,3.986803378293907e-05,4.184070763538631e-06,630,-3.4012708387810866e-05,4.820523097353072e-06
T2_TAILS,shift_jump|MV,1026,shift_jump,d16b3fd624db6df5fff78b07450e6f435ac8590da58646ccbca83103c022c030,TIER2,false,plain,ewma,999,-3.144023120730725e-05,7.81379303739195e-06,-0.013830165800509742,-0.17854802455058247,0.033044151218604406,-0.01124746833434991,0.8466691305323992,24.947123249582965,-0.00886568702121171,0.044374270083267525,0.136896156187254,0.007078083020903241,0.032024665929867906,0.009117363316026285,0.30347957947701387,-0.0030590721851655725,0.0,200,0,0.0,200,0,0,6.844379527103663e-13,3.2886938218262037e-16,0,0,4910,0,1.042094700038433,1.03125,3.0938785019679926,369,0.0001242688438124906,8.15714928258094e-06,630,-0.0001226412608617603,7.602778836545309e-06
T2_TAILS,shift_jump|MV,1027,shift_jump,d16b3fd624db6df5fff78b07450e6f435ac8590da58646ccbca83103c022c030,TIER2,false,plain,ewma,999,9.61779255886742e-05,8.876681938001522e-06,0.01752606570321675,0.5124486421683093,0.7501437090235407,0.03228123016357318,1.3384850900480225,24.086076111870337,0.02339076576131327,0.047296129317063396,0.05472072363850585,0.0068706130490202195,0.03869470274622291,0.011040979651405372,0.33298979191773576,0.001977862684254652,0.0,200,0,0.0,200,0,0,4.97167471774028e-13,3.4985867929949987e-16,0,0,5065,0,1.0374265999998897,1.03125,3.0934889990021475,369,-3.11062583389136e-05,1.605134440610533e-06,630,0.00017073009046054705,1.3129982953619327e-05
T2_TAILS,shift_jump|MV,1028,shift_jump,d16b3fd624db6df5fff78b07450e6f435ac8590da58646ccbca83103c022c030,TIER2,false,plain,ewma,999,-9.873356517119812e-05,5.807056577112616e-06,-0.029270993195439066,-0.6504097770015935,-0.33981748947130413,-0.04097196476740938,0.10657174613642695,8.972718004130217,-0.02528784940088291,0.03825412732545835,0.11789967293580637,0.006177758817387644,0.04647046555620554,0.011450643178946649,0.4086613226896789,0.0013766623310444467,0.0,200,0,0.0,200,0,0,5.373555861842457e-12,3.3207981456222327e-16,0,0,5384,0,1.0521415999974124,1.0625,3.0469235006603412,369,-0.00017325085664419895,6.0184175968713705e-06,630,-5.508772302272622e-05,5.687465295292058e-06
T2_TAILS,shift_jump|MV,1029,shift_jump,d16b3fd624db6df5fff78b07450e6f435ac8590da58646ccbca83103c022c030,TIER2,false,plain,ewma,999,-7.031806490112638e-05,1.3272359334984753e-06,-0.018723542720808693,-0.968931590331645,-0.7753154358732632,-0.06103695298694877,-0.3671559716400931,6.965335450041,-0.017728872124639583,0.018288342058306317,0.08038111676615256,0.003080125620707468,0.017647513066300004,0.00369505697169152,0.20569589847225475,-5.075833236099551e-05,0.0,200,0,0.0,200,0,0,2.9541950579089334e-13,3.577122687911189e-16,0,0,5022,0,1.0380083000054583,1.015625,3.044898000662215,369,-4.0805854389022774e-05,8.503589414718466e-07,630,-8.760378820107278e-05,1.6075353599441359e-06
T2_TAILS,shift_jump|ROBUST,1000,shift_jump,483208c9c25f2835938a331d3106f14e072cba96c23e2488c2fe1ece646cc8be,TIER2,false,plain,lw,999,8.400145801604666e-05,6.599577926654574e-06,0.0161790865074929,0.5190736868176714,0.6907521639749332,0.032698568748499635,0.43796770628686177,30.104128346234184,0.02054565841136946,0.04078104507632133,0.06075925666295192,0.006077945357985328,0.02184848656616248,0.0069249845753873805,0.19059205432709736,0.0002474505376753172,0.38038038038038036,200,0,0.0,200,0,0,1.8363107585332092e-13,3.002530654727719e-16,0,0,2460,0,0.985708300024271,0.96875,2.9436305005219765,369,0.00028501017849536653,1.637875660101095e-05,630,-3.373222112184067e-05,8.511200491647172e-07
T2_TAILS,shift_jump|ROBUST,1001,shift_jump,483208c9c25f2835938a331d3106f14e072cba96c23e2488c2fe1ece646cc8be,TIER2,false,plain,lw,999,-1.542140888851603e-05,8.208482121053234e-06,-0.010091807523422284,-0.08544622775965689,0.13632783582515431,-0.005382606407634187,0.739083187215283,39.49138598859068,-0.004906124496037112,0.0454811773649871,0.1082160091662759,0.007059836397546499,0.021525157489881604,0.009813020215604535,0.19676009541708894,0.0012291897410063124,0.18518518518518517,200,0,0.0,200,0,0,1.0481634341268441e-13,3.3825066099844345e-16,0,0,2624,0,0.9974385999958031,0.984375,2.9817039985209703,369,5.853270400232876e-07,4.63604503070469e-08,630,-2.479678278951763e-05,1.299658917652306e-05
T2_TAILS,shift_jump|ROBUST,1002,shift_jump,483208c9c25f2835938a331d3106f14e072cba96c23e2488c2fe1ece646cc8be,TIER2,false,plain,lw,999,-9.350846970598456e-05,3.3934822008164563e-06,-0.02612960690972535,-0.8058021694163431,-0.5681253287120227,-0.050760765385523356,-0.34182239055057173,11.093992821805264,-0.02370711853948615,0.029243076353313906,0.11003626177667866,0.005161924203160056,0.024842951263444248,0.006780382494953509,0.22622087414023198,0.002790339179749006,0.20520520520520522,200,0,0.0,200,0,0,1.4122050283672112e-12,3.209141868975574e-16,0,0,2992,0,1.0082433000206947,1.0,3.0134034994989634,369,-0.00012897538565607799,5.875259271630987e-06,630,-7.273499036378698e-05,1.9457293958347314e-06
T2_TAILS,shift_jump|ROBUST,1003,shift_jump,483208c9c25f2835938a331d3106f14e072cba96c23e2488c2fe1ece646cc8be,TIER2,false,plain,lw,999,-0.00015470400870723312,1.0471175195989953e-05,-0.04690161864239115,-0.758934201370109,-0.526752658614715,-0.04780836091158867,-0.3431602606315656,9.8295247605086,-0.039506366517093494,0.05136863001277597,0.16097507054044205,0.008760353623072347,0.042403677462422316,0.012694064421839712,0.37215330938184915,-0.0008761058902180474,0.09009009009009009,200,0,0.0,200,0,0,3.4461719879574527e-12,3.905343740505739e-16,0,0,3841,0,1.0034306999878027,1.015625,3.0030085003818385,369,-0.00026285318147226686,1.935379758110779e-05,630,-9.135949323057053e-05,5.280113719331085e-06
T2_TAILS,shift_jump|ROBUST,1004,shift_jump,483208c9c25f2835938a331d3106f14e072cba96c23e2488c2fe1ece646cc8be,TIER2,false,plain,lw,999,-4.616194427217832e-05,8.575457746855877e-06,-0.01811585601321198,-0.25023940978471637,0.03955433310205895,-0.015763601107570063,-1.1697995092395006,17.328123636807675,-0.012634653667303541,0.046486722321622986,0.13213333975971017,0.00748333400563608,0.035139415129121346,0.012964801600223036,0.3103363330219893,-0.0027160715115648834,0.0,200,0,0.0,200,0,0,8.448347110216711e-13,3.1158211688583514e-16,0,0,4888,0,1.0507370000123046,1.046875,3.1306750010116957,369,7.771224227213809e-05,4.24173248162599e-06,630,-0.00011871682496242078,1.1110287104889191e-05
T2_TAILS,shift_jump|ROBUST,1005,shift_jump,483208c9c25f2835938a331d3106f14e072cba96c23e2488c2fe1ece646cc8be,TIER2,false,plain,lw,999,-2.61211088348979e-05,2.0119549901725977e-06,-0.008103557398964754,-0.29233630184014797,-0.10956520600398495,-0.018415456044412984,-0.010251074937015705,13.900767166699598,-0.006812565731045828,0.022516941566817966,0.055426523761995077,0.00376682639899681,0.019172900958576915,0.004514309674637843,0.16345041106410324,-0.002414377030468368,0.1841841841841842,200,0,0.0,199,1,0,1.4207759274694035e-13,3.261217137979953e-16,0,0,2763,0,0.9827027999563143,0.984375,2.9205265009659342,369,-4.310089134288169e-06,5.371462402116694e-07,630,-3.889613465954074e-05,2.8775562894924666e-06
T2_TAILS,shift_jump|ROBUST,1006,shift_jump,483208c9c25f2835938a331d3106f14e072cba96c23e2488c2fe1ece646cc8be,TIER2,false,plain,lw,999,-2.162593905205487e-05,1.3471153059877068e-06,-0.006468155812444534,-0.2957827618135752,-0.1595597394187148,-0.01863256261568029,1.0597958940721557,14.84220554797941,-0.005603473867204056,0.018424794628676383,0.0488312566459263,0.0029627340986325733,0.01255412922456344,0.002668261738552614,0.11572143461480956,0.0006417527969020234,0.2702702702702703,200,0,0.0,199,1,0,2.2551279887983889e-13,2.9606050107979417e-16,0,0,2641,0,1.037840100005269,1.03125,3.062970499449875,369,-5.6994553340111677e-05,1.720379275331177e-06,630,-9.100363976215991e-07,1.129713103300501e-06
T2_TAILS,shift_jump|ROBUST,1007,shift_jump,483208c9c25f2835938a331d3106f14e072cba96c23e2488c2fe1ece646cc8be,TIER2,false,plain,lw,999,9.041772584403838e-05,1.0812381490083007e-05,0.014611106506194918,0.4365089671668334,0.7729313644755949,0.02749748028983571,-0.04847373739324311,9.322047806811135,0.021654399378160827,0.052198851859987475,0.08419272430391816,0.008515943274081545,0.046193895453815616,0.017214945439902016,0.37518412435745213,-0.001971351958190964,0.10510510510510511,200,0,0.0,200,0,0,1.7062891851245424e-12,3.584754216580035e-16,0,0,4021,0,1.0382019000244327,1.015625,3.0370984991895966,369,0.000203737523637739,5.484920382324473e-06,630,2.4044701422013732e-05,1.3934486756881845e-05
T2_TAILS,shift_jump|ROBUST,1008,shift_jump,483208c9c25f2835938a331d3106f14e072cba96c23e2488c2fe1ece646cc8be,TIER2,false,plain,lw,999,0.00017940454155486853,1.054481930060546e-05,0.037238061080569144,0.8770293598672597,1.1468410960113358,0.055247656635974786,0.790001347077786,18.19779647312016,0.04485820685631059,0.05154895211110092,0.06385906780766051,0.006844797884183807,0.04143572411495075,0.013542922504130915,0.3531513214271538,0.0014915233481130382,0.0,200,0,0.0,200,0,0,1.3362583247208522e-12,3.229839329477686e-16,0,0,4423,0,1.0678844000212848,1.078125,3.120946500566788,369,0.000389414825934835,2.1581891689512025e-05,630,5.639851784660247e-05,4.063254090261403e-06
T2_TAILS,shift_jump|ROBUST,1009,shift_jump,483208c9c25f2835938a331d3106f14e072cba96c23e2488c2fe1ece646cc8be,TIER2,false,plain,lw,999,0.00021963384975044877,3.210089097741366e-05,0.031079456558188365,0.615376632694998,1.076562645970427,0.038765084113126284,0.2823036488350399,7.035103781397535,0.05264560064432522,0.08994122817878486,0.12203130099403105,0.013334491425364923,0.11304505686415844,0.04161794443922119,0.8488361404305931,-0.001100789423820878,0.09009009009009009,200,0,0.0,200,0,0,5.260414293559072e-12,2.5862529294551593e-16,0,0,4637,0,1.0363357000169344,1.015625,3.0000405001919717,369,0.0001689098029836019,1.0705488538868488e-05,630,0.0002493436485710305,4.4667033257442994e-05
T2_TAILS,shift_jump|ROBUST,1010,shift_jump,483208c9c25f2835938a331d3106f14e072cba96c23e2488c2fe1ece646cc8be,TIER2,false,plain,lw,999,-5.816651656654893e-06,1.8813796011942752e-06,-0.0028881191959799052,-0.06731860546860008,0.11445283884225223,-0.004240673539942585,2.6225998612848165,45.150414189725915,-0.001700614363917996,0.021774013399025852,0.049098042767454726,0.0034516050894397576,0.01495509728993438,0.003835221300184033,0.14533711248272405,-0.0013661717570316654,0.4544544544544545,200,0,0.0,200,0,0,1.1864107661857064e-12,3.4240911243537576e-16,0,0,2022,0,1.02133210003376,1.015625,3.048558496811893,369,-1.0401609503685996e-05,5.075621993407008e-06,630,-3.131176346250962e-06,1.554157065151326e-08
T2_TAILS,shift_jump|ROBUST,1011,shift_jump,483208c9c25f2835938a331d3106f14e072cba96c23e2488c2fe1ece646cc8be,TIER2,false,plain,lw,999,-9.059677166575517e-06,2.9587799192762214e-07,-0.0025067224078743127,-0.26439708418709773,-0.17140720606273468,-0.016655450764992114,-1.2303516278569298,31.381120338882052,-0.0023176199156991206,0.00863488586871655,0.02910249726132965,0.0014477748538758606,0.004116225941101564,0.0008739493690211154,0.035035843860153945,0.0005638357286282497,0.38038038038038036,200,0,0.0,200,0,0,1.9041854218733074e-14,2.9716704869628083e-16,0,0,1925,0,0.9853006000048481,0.984375,2.9399869992630556,369,8.105255397565683e-06,2.7972395289273107e-07,630,-1.9113423382715363e-05,3.0552531315628076e-07
T2_TAILS,shift_jump|ROBUST,1012,shift_jump,483208c9c25f2835938a331d3106f14e072cba96c23e2488c2fe1ece646cc8be,TIER2,false,plain,lw,999,-0.00019760502482359522,2.5463015028638904e-06,-0.0517214701917111,-1.9658181527373972,-1.8084683962351693,-0.12383490368856048,-1.542454383353803,14.231873098623758,-0.048887149386918294,0.025331166154002868,0.1904618991958649,0.004929850657268125,0.01726791972768513,0.004252404751693088,0.1607738368355602,0.0010063484506940997,0.2002002002002002,200,0,0.0,200,0,0,1.6306833270645975e-13,2.8604493948930516e-16,0,0,2997,0,1.0245245000114664,1.03125,3.01519000378903,369,-0.0003270012761509388,4.547957773603486e-06,630,-0.00012181579190329398,1.3636938050617617e-06
T2_TAILS,shift_jump|ROBUST,1013,shift_jump,483208c9c25f2835938a331d3106f14e072cba96c23e2488c2fe1ece646cc8be,TIER2,false,plain,lw,999,-6.58062796351374e-07,1.4232891825380387e-05,-0.01092589804466812,-0.002768987751757806,0.2539486245675302,-0.00017442983272702398,-2.552787733742432,36.8929957939235,-0.0019674246729773914,0.05988897010298188,0.1595054656952723,0.010123020532031174,0.0323976398531742,0.015272205041174535,0.2724533926758486,-0.0023111040874049375,0.3103103103103103,200,0,0.0,200,0,0,2.4229087753496433e-12,2.9781402446703755e-16,0,0,2698,0,0.9957312000333332,0.96875,2.927627498866059,369,6.912171519400449e-05,4.1031203821935475e-07,630,-4.1529075619274096e-05,2.233796835204146e-05
T2_TAILS,shift_jump|ROBUST,1014,shift_jump,483208c9c25f2835938a331d3106f14e072cba96c23e2488c2fe1ece646cc8be,TIER2,false,plain,lw,999,0.00020496634579505072,7.378138691369052e-06,0.04607364628967778,1.1978692638930595,1.5717849413933436,0.07545867084354853,0.3302218834814003,7.415056808758404,0.05202662356891308,0.043119496173134965,0.05396871536102634,0.006274185833941581,0.03742507703553572,0.016702945309030152,0.3850852714489297,0.003329122908946302,0.0,200,0,0.0,200,0,0,6.076775850962022e-13,2.8495310260592317e-16,0,0,4254,0,1.0315946000046097,1.03125,3.1044334985199384,369,0.0003582002780532039,1.1754594100815794e-05,630,0.00011521504261527524,4.807555791287253e-06
T2_TAILS,shift_jump|ROBUST,1015,shift_jump,483208c9c25f2835938a331d3106f14e072cba96c23e2488c2fe1ece646cc8be,TIER2,false,plain,lw,999,2.7296329785229965e-05,3.665330325399648e-06,0.004107685379875817,0.22633304530655993,0.3882953283460521,0.014257641698977912,-1.060988889775585,26.250472811243988,0.0064372207833438555,0.030391828539933417,0.0805421794405571,0.004741276310641152,0.01865507061024396,0.005376823132432094,0.15361998548754513,0.0007813518179109244,0.09009009009009009,200,0,0.0,200,0,0,2.2230413939459135e-13,2.9956253757714835e-16,0,0,3178,0,1.0222070000017993,1.015625,3.068868001573719,369,0.0001043771100214418,9.33290165348447e-06,630,-1.7850984353122678e-05,3.4978592377966555e-07
T2_TAILS,shift_jump|ROBUST,1016,shift_jump,483208c9c25f2835938a331d3106f14e072cba96c23e2488c2fe1ece646cc8be,TIER2,false,plain,lw,999,-5.558630922004366e-05,7.323896333122998e-06,-0.019544615551291993,-0.3260596178505057,-0.09101360223041259,-0.020539825271742734,-0.07602565036137426,12.330306242017095,-0.014819392653264929,0.042960701529968004,0.10875619111967338,0.007157747825167982,0.03750009411132734,0.010301545299360622,0.29837012634427007,-0.002152790212012548,0.10510510510510511,200,0,0.0,200,0,0,5.345119974664001e-13,2.9514015792013003e-16,0,0,3556,0,1.0129161999793723,0.984375,3.0122259989730082,369,6.524933402828665e-05,7.0551807793347056e-06,630,-0.0001263614716940657,7.47917075284628e-06
T2_TAILS,shift_jump|ROBUST,1017,shift_jump,483208c9c25f2835938a331d3106f14e072cba96c23e2488c2fe1ece646cc8be,TIER2,false,plain,lw,999,-7.871023075009217e-05,2.485381396027979e-06,-0.021713926484420377,-0.7925650814042531,-0.5964903078017821,-0.04992690721974563,-1.174839315937213,12.79295663119736,-0.01994740835463671,0.0250263083933498,0.0982538919667853,0.004544487164554523,0.02052923695267812,0.005182107435022524,0.1779985445396626,0.0018557975439771326,0.19519519519519518,200,0,0.0,200,0,0,5.624616126855384e-13,3.018822164881401e-16,0,0,2696,0,0.9847097999881953,0.984375,2.982507497363258,369,-0.00021796364208444797,6.053508375901122e-06,630,2.8524816028876534e-06,3.837408948448457e-07
T2_TAILS,shift_jump|ROBUST,1018,shift_jump,483208c9c25f2835938a331d3106f14e072cba96c23e2488c2fe1ece646cc8be,TIER2,false,plain,lw,999,-7.703565618946042e-05,5.604775089580042e-06,-0.02365019532746654,-0.5165507087283524,-0.3243621260971331,-0.03253963606784242,-0.11166435442023943,29.609980028707017,-0.0199184721853517,0.03758195474658244,0.1340393789793531,0.006201686647185052,0.025674168139602865,0.0070028564294907225,0.2102662679475601,0.00011914123070343062,0.1001001001001001,200,0,0.0,200,0,0,5.372049685390331e-13,3.4303027037083018e-16,0,0,3504,0,1.0111853999551386,1.015625,3.029622997273691,369,-9.428226590651033e-05,3.3955424395536777e-06,630,-6.693407049804548e-05,6.905933033000463e-06
T2_TAILS,shift_jump|ROBUST,1019,shift_jump,483208c9c25f2835938a331d3106f14e072cba96c23e2488c2fe1ece646cc8be,TIER2,false,plain,lw,999,4.9753583041820535e-05,5.5186791138528226e-06,0.008365781516466041,0.3362072399401072,0.5350210528825812,0.02117906537764157,0.16686036369703727,15.347154881083517,0.011913562494126229,0.03729218600043327,0.04594241481469093,0.005954928387681618,0.024975923826554922,0.007951217043112942,0.21893411059257223,0.00256807241101542,0.16016016016016016,200,0,0.0,200,0,0,5.764685051725878e-13,2.8888820055554265e-16,0,0,2994,1,1.004999199998565,0.984375,3.049063000944443,369,0.0002086683803151602,1.1138777883762049e-05,630,-4.332508393256413e-05,2.2158898386096486e-06
T2_TAILS,shift_jump|ROBUST,1020,shift_jump,483208c9c25f2835938a331d3106f14e072cba96c23e2488c2fe1ece646cc8be,TIER2,false,plain,lw,999,-1.1095800784441542e-05,5.424414744253744e-07,-0.0032062275523448516,-0.2391566587410427,-0.10548464246864288,-0.015065453414617633,1.672887718710855,26.871902516434318,-0.002860284043759931,0.011691674454721803,0.024256572850258666,0.0018445121710290336,0.006736928403378716,0.0014559614853859376,0.06484397258304163,0.0008661031130024335,0.23923923923923923,200,0,0.0,200,0,0,2.7159867221625387e-13,2.616761314111134e-16,0,0,2047,0,0.9948892000247724,0.984375,2.961080499808304,369,6.1768335982279476e-06,1.2296587501122572e-06,630,-2.1212629494290817e-05,1.4096598075688252e-07
T2_TAILS,shift_jump|ROBUST,1021,shift_jump,483208c9c25f2835938a331d3106f14e072cba96c23e2488c2fe1ece646cc8be,TIER2,false,plain,lw,999,4.9180701380365326e-05,3.3560211400677027e-06,0.009856384765960879,0.42616977428076486,0.6388139171387768,0.026846172358081767,0.2665087477887223,19.18773876492457,0.012042900708494564,0.02908121949466805,0.03297833926681289,0.004554634944394278,0.01899656646217119,0.005564652402193296,0.16947521720575182,-0.0019141391704635639,0.2752752752752753,200,0,0.0,200,0,0,1.7796475452810168e-13,3.170913394468617e-16,0,0,2600,0,1.0015971999964677,1.0,3.0052425008034334,369,2.6834645042984217e-05,4.960958631301518e-07,630,6.226910580654569e-05,5.034107533238823e-06
T2_TAILS,shift_jump|ROBUST,1022,shift_jump,483208c9c25f2835938a331d3106f14e072cba96c23e2488c2fe1ece646cc8be,TIER2,false,plain,lw,999,0.00012117061584719783,3.3402911871427064e-05,0.005282393818694991,0.3328169388075016,0.7639171133084312,0.020965496480820262,0.1855919899757065,7.457749844597919,0.026681844931655263,0.0917471187100697,0.13289708526272173,0.014448806845587591,0.08237814014386681,0.039329008901378,0.6420140992969003,0.0023268378934761377,0.14414414414414414,200,0,0.0,200,0,0,2.885453693141906e-12,3.0998940501277116e-16,0,0,3926,3,1.012769099965226,1.015625,3.043699500267394,369,0.0005089323818524611,4.36069175796121e-05,630,-0.00010594698995588496,2.7346233580276285e-05
T2_TAILS,shift_jump|ROBUST,1023,shift_jump,483208c9c25f2835938a331d3106f14e072cba96c23e2488c2fe1ece646cc8be,TIER2,false,plain,lw,999,6.958181208364292e-05,3.677487328996415e-06,0.014754436224356727,0.5759972534329415,0.7738431571121834,0.036284416391424004,-0.14411424154427382,20.40143565846316,0.017217612229944557,0.030442187945466347,0.04320591719596539,0.0046924596023859184,0.02098491872340166,0.005578864798553352,0.18833949704603015,-0.0004223348097007413,0.5305305305305306,200,0,0.0,200,0,0,5.24215822586952e-13,3.3731755694488e-16,0,0,1980,0,1.001057400018908,1.0,2.926394500245806,369,0.00019065990988320565,9.939405008726124e-06,630,-1.3353594846723806e-06,6.126202557435148e-09
T2_TAILS,shift_jump|ROBUST,1024,shift_jump,483208c9c25f2835938a331d3106f14e072cba96c23e2488c2fe1ece646cc8be,TIER2,false,plain,lw,999,0.00011686119504852179,8.544002630371396e-06,0.022989755163666713,0.634658216411236,0.9640710800560206,0.03997970971780815,0.12515983118808802,8.224799263646341,0.028778637193139334,0.0464013864324504,0.06401204227082394,0.007119627481565984,0.05117109397753723,0.014973456569880415,0.43227315567684216,0.00034987370832356685,0.035035035035035036,200,0,0.0,200,0,0,2.998320804871042e-12,3.6335658184796596e-16,0,0,4171,0,1.0297812999924645,1.03125,3.0589975009206682,369,0.0002576553548449935,1.5054599044967938e-05,630,3.439604431058838e-05,4.7300845398464635e-06
T2_TAILS,shift_jump|ROBUST,1025,shift_jump,483208c9c25f2835938a331d3106f14e072cba96c23e2488c2fe1ece646cc8be,TIER2,false,plain,lw,999,1.9425161859119875e-05,1.9969838719871264e-06,0.003385420981275941,0.21821150161450376,0.3816057031854862,0.013746032535379675,-0.08691418914019716,12.143256234488552,0.0046545100350126045,0.02243300995722054,0.025401220262532123,0.0038336151808308627,0.015040014649639305,0.003585515685306439,0.12455920911991755,0.0020163570808454786,0.07507507507507508,200,0,0.0,200,0,0,5.279408639049965e-13,2.9219198068783633e-16,0,0,2938,0,1.0022962999646552,0.984375,3.0168410018086433,369,-9.295932737517555e-06,1.8751342689152134e-06,630,3.62475172657218e-05,2.070680158947287e-06
T2_TAILS,shift_jump|ROBUST,1026,shift_jump,483208c9c25f2835938a331d3106f14e072cba96c23e2488c2fe1ece646cc8be,TIER2,false,plain,lw,999,-3.7772333776971174e-05,5.490012849958315e-06,-0.013669077826365223,-0.2559100894430059,-0.12381276346282002,-0.016120820349011654,0.2051661717850645,35.969710155661026,-0.010157813194814458,0.03719520450527857,0.13703674078612177,0.00595258723587327,0.016749009857490622,0.004896748949682418,0.14284939931434082,-0.0016891815825399105,0.36036036036036034,200,0,0.0,200,0,0,2.669682585010547e-13,2.7480478424902554e-16,0,0,2071,0,0.9965071000042371,0.984375,2.984217000484932,369,0.0001431039147713328,3.6544055889503206e-06,630,-0.00014371413649812064,6.542239068425876e-06
T2_TAILS,shift_jump|ROBUST,1027,shift_jump,483208c9c25f2835938a331d3106f14e072cba96c23e2488c2fe1ece646cc8be,TIER2,false,plain,lw,999,5.937952531111136e-05,8.731891532357389e-06,0.008362330379937876,0.3189942286435932,0.4827944485848764,0.02009474758704344,0.8642102444192736,37.404848811311865,0.013962478559673475,0.04690881224411957,0.05103534742933778,0.007189006116652321,0.0259320819290393,0.007458595601348761,0.19970962008583568,-0.00025276756713964985,0.0980980980980981,200,0,0.0,200,0,0,2.501001751950972e-13,2.855221792542082e-16,0,0,3131,0,1.029923800029792,1.015625,3.094101999886334,369,-1.9528227770390988e-05,6.124296215372695e-07,630,0.00010559692354456273,1.3490318576200528e-05
T2_TAILS,shift_jump|ROBUST,1028,shift_jump,483208c9c25f2835938a331d3106f14e072cba96c23e2488c2fe1ece646cc8be,TIER2,false,plain,lw,999,-0.00012095149761338065,4.514533270171762e-06,-0.033892764550821776,-0.9036600679447013,-0.6979657588519388,-0.05692523356003358,-0.5967639609179222,12.735390184712209,-0.030573400449749544,0.033729251163986486,0.12799742116877902,0.006229737318712192,0.02817386380389973,0.00658115779883023,0.2405610123399385,0.0011561533570406078,0.23723723723723725,200,0,0.0,199,1,0,2.0600357958790954e-12,3.6266188750698e-16,0,0,3021,0,1.0361573000554927,1.03125,2.9943294980330393,369,-0.00024420155561988527,5.798867331633388e-06,630,-4.87621779238565e-05,3.7561726313020435e-06
T2_TAILS,shift_jump|ROBUST,1029,shift_jump,483208c9c25f2835938a331d3106f14e072cba96c23e2488c2fe1ece646cc8be,TIER2,false,plain,lw,999,-2.5085617132674002e-05,1.8910177319637984e-07,-0.006464536457970312,-0.9157507001438224,-0.8118214578928147,-0.05768687179794845,-2.1644179241846278,33.84383861720398,-0.0063253839777460685,0.00690316209033858,0.027452402067304104,0.001304808548513594,0.004012690855741912,0.000717883362775081,0.03455574457126952,-3.6707933079851895e-05,0.5605605605605606,200,0,0.0,200,0,0,1.81988521226473e-14,2.6892786257979787e-16,0,0,1065,0,0.9806605000048876,0.984375,2.8798965012538247,369,-2.7274760488473956e-05,1.5041263129642429e-07,630,-2.380340459570546e-05,2.1203325467852773e-07
T2_TAILS,shift_t5|CVAR,1000,shift_t5,645f865e11814df30cfd71f6dcf09cb457ea26604207257ca0a11c08f9e83419,TIER2,false,plain,none,999,-0.00016107556191641208,5.1401467419222615e-06,-0.04447699253982908,-1.127826167411314,-1.1049787567653195,-0.07104637050193896,-0.3934625686994055,6.740743254587572,-0.04040304933464656,0.03599051234651168,0.1842764386719764,0.005765949403033903,0.0013910028396361283,0.0009740223136653004,0.3225432474807512,0.005492557351185619,0.0,200,0,0.0,199,1,0,3.1094213751931804e-09,3.7775760705476945e-16,0,0,3642,0,2.683083199954126,2.625,11.094207997666672,369,-0.00031023232308155643,4.241778184356815e-06,630,-7.371231609111327e-05,5.6532182648994055e-06
T2_TAILS,shift_t5|CVAR,1001,shift_t5,645f865e11814df30cfd71f6dcf09cb457ea26604207257ca0a11c08f9e83419,TIER2,false,plain,none,999,1.0748190888899923e-05,2.921647328316033e-06,0.0004997787237958597,0.09982096080724685,0.12759557416336786,0.006288129474464297,0.41285586866593543,17.117651403339202,0.0023436842789350543,0.027134021573213957,0.04475093196132629,0.004291821459761753,0.0018987074101536037,0.0007133184413187699,0.1386366281737997,-0.0012341913652825116,0.47047047047047047,200,0,0.0,200,0,0,3.764240732722712e-10,3.1311567430349966e-16,0,0,2186,0,2.5068267000024207,2.484375,10.318231999408454,369,0.0,0.0,630,1.7043559838112737e-05,4.635511029405478e-06
T2_TAILS,shift_t5|CVAR,1002,shift_t5,645f865e11814df30cfd71f6dcf09cb457ea26604207257ca0a11c08f9e83419,TIER2,false,plain,none,999,5.529640505461417e-05,2.9342826882669826e-06,0.011716376361432933,0.5124437403324836,0.5490896186122308,0.03228092137694074,0.08623529063666557,6.681057465852361,0.013657455359015636,0.027192632043317903,0.031253501635608985,0.004174270946384886,0.002087405167677614,0.0008971834067281174,0.2331555305548751,0.0013235170053401048,0.07007007007007007,200,0,0.0,200,0,0,2.8591445877523824e-10,3.146942759047638e-16,0,0,3293,0,2.6719349999912083,2.65625,11.085604001709726,369,-1.628149677168893e-05,4.6680750689282666e-07,630,9.722060469573456e-05,4.377791915666258e-06
T2_TAILS,shift_t5|CVAR,1003,shift_t5,645f865e11814df30cfd71f6dcf09cb457ea26604207257ca0a11c08f9e83419,TIER2,false,plain,none,999,-1.4175636433892506e-05,1.373146031550274e-05,-0.013953244379860983,-0.060727370082982825,-0.03499868436798347,-0.0038254647384418188,1.4132106441655603,25.942609611114793,-0.005281041508644613,0.058824552692788835,0.12939376589840418,0.00864017761057017,0.004267047387253913,0.0017636419040882318,0.4407394760854927,0.003428904779572549,0.0,200,0,0.0,200,0,0,4.334968958504393e-10,3.7616899064366745e-16,0,0,3688,0,2.6631300000008196,2.640625,11.08093350136187,369,0.00012776119421053364,1.77204231565294e-05,630,-9.73100658113421e-05,1.14007847944087e-05
T2_TAILS,shift_t5|CVAR,1004,shift_t5,645f865e11814df30cfd71f6dcf09cb457ea26604207257ca0a11c08f9e83419,TIER2,false,plain,none,999,-2.966401011377889e-05,1.03212818047947e-05,-0.015278219593097074,-0.14657615092866022,-0.10126157196578643,-0.009233429606912001,-0.20498757698495665,8.457146401004092,-0.008736934418048015,0.05099963739879201,0.15243693173906056,0.00806482145325536,0.006634429774864501,0.0021548767642667315,0.3985305174909891,-0.0016565718268951586,0.0,200,0,0.0,200,0,0,4.971904108489913e-10,4.138060787955493e-16,0,0,4104,0,2.7146611000061966,2.640625,11.24514550116146,369,-0.0002689128485513816,1.977423259024257e-05,630,0.00011046745239967414,4.753940993053374e-06
T2_TAILS,shift_t5|CVAR,1005,shift_t5,645f865e11814df30cfd71f6dcf09cb457ea26604207257ca0a11c08f9e83419,TIER2,false,plain,none,999,-5.84685940719989e-05,9.816528923015851e-06,-0.022155381571943706,-0.2962401685312101,-0.2569256572553289,-0.01866137653051058,0.07585549815335564,6.04068066515684,-0.015843299698338087,0.04973696099079632,0.09834412152261429,0.007669623953848077,0.004953113515554218,0.002119784623088726,0.5073820215857288,0.002706474190468134,0.02002002002002002,200,0,0.0,199,1,0,7.554239559629706e-09,3.4887031988253563e-16,0,0,3533,0,2.7042136000236496,2.671875,11.231770498270635,369,3.071503669739629e-05,1.1583096498073344e-06,630,-0.00011070472066550179,1.4890276574278553e-05
T2_TAILS,shift_t5|CVAR,1006,shift_t5,645f865e11814df30cfd71f6dcf09cb457ea26604207257ca0a11c08f9e83419,TIER2,false,plain,none,999,-1.0421107009605245e-05,8.312418083268407e-08,-0.002688960847130031,-0.5737866462031842,-0.5464391263884425,-0.03614516122531974,-3.5126188158176324,49.26858801570055,-0.002633130327985511,0.004576821339077634,0.02017520588962864,0.0008041878767747068,0.0002558819640801372,9.59006188894626e-05,0.025723143102122936,-0.002227227972699994,0.08508508508508508,200,0,0.0,200,0,0,1.0710430858206887e-12,3.186113536852224e-16,0,0,3113,0,2.6189998000045307,2.59375,10.752132002089638,369,-6.359968777246816e-06,3.142801899996027e-09,630,-1.279977368855804e-05,1.3003454839065563e-07
T2_TAILS,shift_t5|CVAR,1007,shift_t5,645f865e11814df30cfd71f6dcf09cb457ea26604207257ca0a11c08f9e83419,TIER2,false,plain,none,999,-8.126890858287998e-05,1.0468030299820726e-05,-0.028393595869550224,-0.39874221058258674,-0.3729160806050282,-0.025118398248230284,-0.352750761533299,10.10158429455001,-0.021563642687913,0.05136091544700915,0.15215669916943872,0.008100545214502914,0.0040690879778578215,0.00151441104542901,0.3318026969736236,0.002080273363380612,0.2852852852852853,200,0,0.0,200,0,0,7.404647311970436e-10,3.5975626596958513e-16,0,0,3034,0,2.5638952999725007,2.53125,10.524465000489727,369,-1.2774603814155354e-07,5.718545016301661e-09,630,-0.0001287944466447982,1.6599582501627325e-05
T2_TAILS,shift_t5|CVAR,1008,shift_t5,645f865e11814df30cfd71f6dcf09cb457ea26604207257ca0a11c08f9e83419,TIER2,false,plain,none,999,0.00011786962440517022,7.3342592676359345e-06,0.02415844534377013,0.6909140763553084,0.7337965488212418,0.043523495794048524,0.4693361648953364,7.517133494246461,0.029197299160418133,0.04299108437157936,0.044271028883127006,0.0059480769252809075,0.00330698509632469,0.001788221362322707,0.48317444955291267,-0.0028706167111203825,0.0,200,0,0.0,200,0,0,7.326868556312149e-10,2.853871991700026e-16,0,0,4032,0,2.713071600010153,2.671875,11.168627499137074,369,0.00022091484191191953,1.1782418518059874e-05,630,5.751456843693135e-05,4.733621071358698e-06
T2_TAILS,shift_t5|CVAR,1009,shift_t5,645f865e11814df30cfd71f6dcf09cb457ea26604207257ca0a11c08f9e83419,TIER2,false,plain,none,999,1.2505263980326024e-05,1.4062221652001636e-05,-0.007479713045871079,0.05293783363253272,0.10004869361591448,0.003334770065195062,-0.03949880530942812,6.503394918834877,0.0013819832317145675,0.05952881534437261,0.15285620048560553,0.009167790567651523,0.008888810855724075,0.0028960831554099118,0.5797862923086669,-0.000609437714291942,0.015015015015015015,200,0,0.0,199,1,0,1.192783483094928e-09,3.4431479600453606e-16,0,0,3845,0,2.7051535000209697,2.65625,11.166612999222707,369,-8.262984843187021e-05,1.0132026802478593e-06,630,6.822725839318381e-05,2.171056089870004e-05
T2_TAILS,shift_t5|CVAR,1010,shift_t5,645f865e11814df30cfd71f6dcf09cb457ea26604207257ca0a11c08f9e83419,TIER2,false,plain,none,999,-6.54041683948662e-06,2.2655215605436052e-07,-0.0018194584735277248,-0.21813311367394256,-0.17996829493546626,-0.01374109455927226,0.040129567226824224,7.748869868535636,-0.001675302577437976,0.007555868138453639,0.015838009972185645,0.0010382626141158791,0.0003814904567680806,0.00023444365317761983,0.07448968496173057,-0.004538625681148498,0.0,200,0,0.0,200,0,0,2.0587665709313388e-11,2.812876486749271e-16,0,0,3645,0,2.763203800015617,2.71875,11.451910499599762,369,-7.780781776994681e-06,2.491431298419108e-07,630,-5.813917376089042e-06,2.1369392645006612e-07
T2_TAILS,shift_t5|CVAR,1011,shift_t5,645f865e11814df30cfd71f6dcf09cb457ea26604207257ca0a11c08f9e83419,TIER2,false,plain,none,999,6.499941082458858e-07,2.1631499339537257e-08,0.00014744510177727303,0.07015625195888152,0.0991976520206639,0.00441942846665687,-0.18835357005567285,5.4176449170536065,0.00016108854791019311,0.0023347671904417767,0.005109069294064665,0.0003472537748905302,0.00018554593439834192,7.869463588236775e-05,0.02529838191517272,0.0008592104326511692,0.10510510510510511,200,0,0.0,199,1,0,1.5996221550926756e-12,3.2150878262377266e-16,0,0,3084,0,2.5967783999512903,2.5625,10.694892501051072,369,2.628975514623464e-06,2.701170536249209e-08,630,-5.091235726324099e-07,1.8514526532583733e-08
T2_TAILS,shift_t5|CVAR,1012,shift_t5,645f865e11814df30cfd71f6dcf09cb457ea26604207257ca0a11c08f9e83419,TIER2,false,plain,none,999,-3.6186005162873745e-05,2.8021292219743407e-07,-0.009330714270225443,-1.0851676328009414,-1.0315353425858786,-0.06835913540971307,0.18802868567706466,6.16217656702326,-0.009112536891780598,0.008403193226015536,0.04335352909625049,0.0012377768638820142,0.0005677408206027407,0.000374258598001174,0.12180591333813914,-0.004587752583328574,0.08008008008008008,200,0,0.0,199,1,0,1.1470019959017406e-11,2.933277431778108e-16,0,0,3325,0,2.688041399989743,2.671875,11.083792998979334,369,-3.488053565648695e-05,1.3158336225856815e-07,630,-3.695063730232887e-05,3.6761338924665886e-07
T2_TAILS,shift_t5|CVAR,1013,shift_t5,645f865e11814df30cfd71f6dcf09cb457ea26604207257ca0a11c08f9e83419,TIER2,false,plain,none,999,-3.208148264355115e-05,4.2622262159751524e-07,-0.008406757928102611,-0.7800751681052683,-0.7555916081311681,-0.04914011663674868,-1.1566182899814117,18.064607481758994,-0.008105317580686111,0.010363787948553069,0.04044510987101922,0.0019335708403372997,0.0008191709324726242,0.00028762258671211657,0.06304312833397262,-0.0004422400067693576,0.0,200,0,0.0,199,1,0,7.292898769513615e-12,3.69952344816762e-16,0,0,3185,0,2.6783565999940038,2.65625,11.104433499567676,369,2.552385890080343e-06,9.270217068177967e-09,630,-5.236703421324959e-05,6.697247566202858e-07
T2_TAILS,shift_t5|CVAR,1014,shift_t5,645f865e11814df30cfd71f6dcf09cb457ea26604207257ca0a11c08f9e83419,TIER2,false,plain,none,999,-2.5282236045120342e-06,2.5540452024560595e-07,-0.0008301981656427107,-0.07941480292543787,-0.042962079196646366,-0.005002662356140794,-0.3201631123488484,7.230778777850778,-0.000669041660199321,0.008022589301584166,0.01797230785505368,0.0012357720907802804,0.0010928223014050338,0.00038269420494091,0.09165355494895537,0.006119709035276982,0.0,200,0,0.0,200,0,0,4.6488244571939126e-11,3.0590949529985334e-16,0,0,3699,0,2.690713100018911,2.671875,11.265351499023382,369,3.349121156950212e-05,3.971323769432857e-07,630,-2.3625321349291755e-05,1.7168497750548845e-07
T2_TAILS,shift_t5|CVAR,1015,shift_t5,645f865e11814df30cfd71f6dcf09cb457ea26604207257ca0a11c08f9e83419,TIER2,false,plain,none,999,-1.9756692994695507e-06,1.672010176109105e-07,-0.0006242726327801751,-0.07669994694005736,-0.06825784253706357,-0.004831642504172411,-0.3989751170396653,22.786170664021853,-0.0005187831916259045,0.006491121354430946,0.017097648551287314,0.0010549242565243988,0.00034753015053109863,0.00013928492122384793,0.043554709592734386,0.003219441800755631,0.015015015015015015,200,0,0.0,200,0,0,3.0805581018439533e-12,2.800988844650274e-16,0,0,3152,0,2.678081599995494,2.640625,11.158236499177292,369,-7.851931519137498e-06,3.118860748446207e-07,630,1.4661414291931037e-06,8.278590663831242e-08
T2_TAILS,shift_t5|CVAR,1016,shift_t5,645f865e11814df30cfd71f6dcf09cb457ea26604207257ca0a11c08f9e83419,TIER2,false,plain,none,999,6.165193590560262e-05,2.0752712004231446e-06,0.013967382820691963,0.6793749962482235,0.7005045418853301,0.04279660207210092,0.28635526172338377,14.770453618102273,0.01539194079639783,0.022868501098817832,0.029489311987896873,0.003678362600418017,0.0012029916319264184,0.0005026656901898605,0.13356003804666514,-0.004208864825977465,0.0,200,0,0.0,199,1,0,1.2438982490187538e-10,3.3004024555226194e-16,0,0,3324,0,2.5633135000243783,2.515625,10.63810400053626,369,3.2490225086477202e-06,1.285222647725828e-08,630,9.585935660953334e-05,3.2820273822937854e-06
T2_TAILS,shift_t5|CVAR,1017,shift_t5,645f865e11814df30cfd71f6dcf09cb457ea26604207257ca0a11c08f9e83419,TIER2,false,plain,none,999,-5.509479796497854e-06,1.8877976897118977e-07,-0.0015311064140596786,-0.2012950707188548,-0.17624443509473928,-0.012680397553934512,0.532710590568927,10.951565339656211,-0.0014111551785245258,0.006897282202486703,0.010152955182867912,0.0009455883896364425,0.0004516624296986775,0.00022588415020182188,0.07210704865133946,0.0023851855338412834,0.0,200,0,0.0,199,1,0,8.875141232875738e-12,3.6396865741486344e-16,0,0,3045,0,2.632899899967015,2.59375,11.0694554989459,369,-3.69745379818004e-06,2.399602634808609e-07,630,-6.570809309798288e-06,1.5913340419519296e-07
T2_TAILS,shift_t5|CVAR,1018,shift_t5,645f865e11814df30cfd71f6dcf09cb457ea26604207257ca0a11c08f9e83419,TIER2,false,plain,none,999,-5.1930689849900923e-05,6.077444226879638e-06,-0.01768108167769604,-0.3343981539328453,-0.30161453614442335,-0.02106510367108105,-1.1904128842718789,17.596236629063153,-0.013757964191077998,0.039134587581494566,0.1455056355198784,0.0061244677436271735,0.0027775241467673387,0.0011459797392757763,0.24965346279769582,0.0009268584594732303,0.11011011011011011,200,0,0.0,200,0,0,2.7836438553829724e-10,3.242443649790261e-16,0,0,3521,0,2.5674285999848507,2.546875,10.676023002015427,369,7.3529812537455925e-06,2.029728116681389e-07,630,-8.665398292489389e-05,9.520729535723365e-06
T2_TAILS,shift_t5|CVAR,1019,shift_t5,645f865e11814df30cfd71f6dcf09cb457ea26604207257ca0a11c08f9e83419,TIER2,false,plain,none,999,-2.0366036529671626e-05,1.3862977337006352e-05,-0.015612652072254051,-0.08683174566563044,-0.05758359223498471,-0.00546988583183021,-1.4835617969405028,24.336123763365606,-0.006860435082899796,0.05910558593674206,0.11230984126597089,0.009175768772339412,0.005883155639985786,0.0020655617542144067,0.40582900122808596,-0.0024612488973938854,0.12512512512512514,200,0,0.0,200,0,0,2.3937552218189495e-09,3.454844171268299e-16,0,0,3475,0,2.682277999992948,2.65625,11.279164999723434,369,4.768629454948489e-06,4.466975427703804e-06,630,-3.508776946352055e-05,1.9381613305442242e-05
T2_TAILS,shift_t5|CVAR,1020,shift_t5,645f865e11814df30cfd71f6dcf09cb457ea26604207257ca0a11c08f9e83419,TIER2,false,plain,none,999,-5.210212658024393e-06,6.050513242305849e-07,-0.0017703923909404692,-0.10633092995129413,-0.08361509529943198,-0.00669821898393699,-0.4647485838660436,7.0609721942356565,-0.0013881920354239519,0.012347993104391799,0.017462196308319494,0.001981331251219056,0.0008424307162731231,0.00039682631659278625,0.12008656379589158,0.004342949070915874,0.13513513513513514,200,0,0.0,200,0,0,3.821451449739725e-11,3.2056672096119945e-16,0,0,3079,0,2.524637700000312,2.515625,10.416837003140245,369,-2.8987177275947803e-05,5.181358672863694e-07,630,8.71629518961646e-06,6.563377161629246e-07
T2_TAILS,shift_t5|CVAR,1021,shift_t5,645f865e11814df30cfd71f6dcf09cb457ea26604207257ca0a11c08f9e83419,TIER2,false,plain,none,999,2.3641707945665e-05,3.600023098509054e-07,0.005685548656060296,0.6254987912546158,0.6598745371460926,0.039402720167409915,1.3627446678232968,23.158534738811188,0.00592986418186392,0.009524735276238818,0.014641778934487594,0.0014572349211956158,0.0009945201225820123,0.00027854839509156,0.05118492864213667,-0.0013334020788464452,0.08008008008008008,200,0,0.0,198,2,0,2.4585448133466398e-09,3.319550762276408e-16,0,0,2799,0,2.5915322999935597,2.578125,10.784663502126932,369,1.1047354616096e-06,2.6829845984327705e-10,630,3.684193468632603e-05,5.705665751101598e-07
T2_TAILS,shift_t5|CVAR,1022,shift_t5,645f865e11814df30cfd71f6dcf09cb457ea26604207257ca0a11c08f9e83419,TIER2,false,plain,none,999,0.00015685481274928123,3.404714390350075e-05,0.013787772021772303,0.4267345200188851,0.4725936143636568,0.026881747995630572,-0.17500567533458278,6.251524848368369,0.03586480673482684,0.0926276430860798,0.20394688928913093,0.013935326867207857,0.010199727933010619,0.004272820504875979,0.7210469745797532,0.0012124391382948197,0.0,200,0,0.0,200,0,0,3.094838219031004e-09,3.335060137177124e-16,0,0,4275,0,2.570623599982355,2.546875,10.716115499089938,369,0.00014610230209860444,1.2344258335165487e-05,630,0.00016315271184467764,4.6798561045856876e-05
T2_TAILS,shift_t5|CVAR,1023,shift_t5,645f865e11814df30cfd71f6dcf09cb457ea26604207257ca0a11c08f9e83419,TIER2,false,plain,none,999,7.315012208368714e-05,1.502039307605102e-06,0.0172982890485397,0.9474900907422563,0.9782758896885266,0.059686265471476964,-0.04346170235147372,7.625270298663536,0.018411549413343664,0.019455433830076516,0.02200279634709007,0.0028445120140553116,0.0012492285405851069,0.0005782365794220556,0.17084752560911168,0.0008768586665549399,0.0,200,0,0.0,200,0,0,5.507336897756561e-11,3.1656280247804753e-16,0,0,3789,0,2.704564700019546,2.65625,11.278220500971656,369,0.00010171056277185272,1.0731022999874733e-06,630,5.642186396633302e-05,1.7546204991051645e-06
T2_TAILS,shift_t5|CVAR,1024,shift_t5,645f865e11814df30cfd71f6dcf09cb457ea26604207257ca0a11c08f9e83419,TIER2,false,plain,none,999,9.301587101275278e-05,7.267956497757937e-06,0.017945424382908703,0.5477106277159279,0.5988098205077244,0.03450252646103395,0.03581201422365621,7.70997856746277,0.022779853642530545,0.04279632037260914,0.10034384140078859,0.005928629240093071,0.0046739000098025675,0.0019999006496997738,0.5186625977520349,0.0021895167632890833,0.0,200,0,0.0,200,0,0,4.4156249490168165e-10,3.0199519289665924e-16,0,0,3797,0,2.635058799991384,2.625,11.0401465013274,369,0.00030530237174542044,7.18296265394097e-06,630,-3.132336513066683e-05,7.287315075212764e-06
T2_TAILS,shift_t5|CVAR,1025,shift_t5,645f865e11814df30cfd71f6dcf09cb457ea26604207257ca0a11c08f9e83419,TIER2,false,plain,none,999,-5.2875375153460126e-06,1.8238269448927424e-06,-0.002711272624206108,-0.0621529745716327,-0.025457041217231163,-0.003915269379987175,-0.395936776625027,7.748611104448616,-0.0015609015118684955,0.021438385902697317,0.03572289977427744,0.0033277512752653247,0.0019105431882135279,0.0007686328080748055,0.1963693335233295,-2.9912278774442666e-05,0.0,200,0,0.0,200,0,0,1.2082141003155066e-10,3.0620051475354273e-16,0,0,3552,0,2.626943900017068,2.609375,11.02129199920455,369,2.657157611799139e-05,1.1068815712738319e-06,630,-2.394787550058649e-05,2.245235239185543e-06
T2_TAILS,shift_t5|CVAR,1026,shift_t5,645f865e11814df30cfd71f6dcf09cb457ea26604207257ca0a11c08f9e83419,TIER2,false,plain,none,999,5.0706421292116656e-05,1.7510382922844451e-06,0.011454233216646357,0.6082966280650417,0.6426895339158655,0.038319085743315565,0.6344088663244779,10.214306168153357,0.01263660346411033,0.02100622882993709,0.035193140057876555,0.002980180205930878,0.0015105049279078885,0.0006658706730069128,0.17966637238924243,-0.0026728813027139912,0.0,200,0,0.0,198,2,0,1.345440541526628e-09,3.268139713729454e-16,0,0,3382,0,2.6761837000376545,2.609375,11.204194998717867,369,6.96001092425322e-05,2.1988539838166696e-06,630,3.964011834973041e-05,1.4914929657616186e-06
T2_TAILS,shift_t5|CVAR,1027,shift_t5,645f865e11814df30cfd71f6dcf09cb457ea26604207257ca0a11c08f9e83419,TIER2,false,plain,none,999,-7.20773347347547e-05,6.607961837398164e-06,-0.0231591075022312,-0.44510782197462306,-0.40730617885214204,-0.028039157227487222,-0.19954909071625382,19.646828351126658,-0.018817077184791198,0.04080694037813099,0.09985389813173859,0.006441466926182233,0.003959228497482488,0.001403045441661638,0.2779773371865537,-0.00048008826318413013,0.0,200,0,0.0,200,0,0,3.1808073952532823e-09,3.0889750955187534e-16,0,0,3711,0,2.7358572999946773,2.6875,11.485015501384623,369,1.5361245519319364e-05,3.4982434635242514e-07,630,-0.00012329136031214095,1.0272713753039395e-05
T2_TAILS,shift_t5|CVAR,1028,shift_t5,645f865e11814df30cfd71f6dcf09cb457ea26604207257ca0a11c08f9e83419,TIER2,false,plain,none,999,5.818251039351223e-05,1.3828245078910081e-06,0.013616577291199479,0.7854330867245909,0.823594480965735,0.049477633784645106,-1.372625521802049,22.51623741732884,0.01459278502075656,0.01866739874724205,0.024122144097519827,0.0026808129973736605,0.001579917535305067,0.0007221429364722199,0.2175962919688703,0.004967114572901229,0.0,200,0,0.0,199,1,0,3.807104127238209e-09,3.064978146127834e-16,0,0,3758,0,2.722842099959962,2.671875,11.337544000707567,369,8.31868138390912e-05,1.4415212674065145e-06,630,4.35371326611017e-05,1.3501004788524665e-06
T2_TAILS,shift_t5|CVAR,1029,shift_t5,645f865e11814df30cfd71f6dcf09cb457ea26604207257ca0a11c08f9e83419,TIER2,false,plain,none,999,-3.691030483485133e-05,7.504434579201081e-07,-0.009868732072570137,-0.6763771296713336,-0.6548798437549097,-0.042607754228619885,-2.6838302933711606,49.97316595512325,-0.009352178606204964,0.013751790843227191,0.047095133687903065,0.002344024389816106,0.001175006577418168,0.00027219809042948543,0.04300556437860602,-0.00024159527198516323,0.4004004004004004,200,0,0.0,200,0,0,3.3720531922298846e-10,3.161073469488444e-16,0,0,1523,0,2.3763856000150554,2.28125,9.796650001080707,369,0.0,0.0,630,-5.852919766669282e-05,1.1894203641328734e-06
T2_TAILS,shift_t5|EW,1000,shift_t5,df317d3462976748e7690d0e88218a83735167f51656ef76abf02011e90379b9,TIER2,false,none,none,999,0.0008333181560150083,0.0003743718666639395,-0.07302895588215615,0.6836904476940414,0.6398208071363913,0.04306844996068683,0.3724434322494848,5.747743177445419,0.1770834334580611,0.3071509570216455,0.3337166272936633,0.04141623132578874,0.009388449053673207,0.001773617198751139,0.9996452795104173,0.9996452795104173,0.0,200,0,0.0,0,0,0,0.0,5.913752860757648e-16,0,0,5826,0,0.2900740000186488,0.296875,0.0,369,0.0012949914819142048,0.00025843986371589146,630,0.0005629094937026218,0.00044259544905746943
T2_TAILS,shift_t5|EW,1001,shift_t5,df317d3462976748e7690d0e88218a83735167f51656ef76abf02011e90379b9,TIER2,false,none,none,999,9.338357231193063e-06,0.0004348259175514205,-0.32637512764661325,0.007109074129775379,-0.03360462400145704,0.00044782957617401357,0.22831572942482112,7.305846042692618,-0.05094745131341938,0.33102285604314086,0.6449230894376117,0.047962583585440796,0.009015960550567104,0.0016750871938142917,0.9997668875587156,0.9997668875587156,0.0,200,0,0.0,0,0,0,0.0,5.918017584297583e-16,0,0,5796,0,0.28922789997886866,0.28125,0.0,369,9.970534679092547e-06,0.00015959631278195948,630,8.968081868851936e-06,0.0005965418479788727
T2_TAILS,shift_t5|EW,1002,shift_t5,df317d3462976748e7690d0e88218a83735167f51656ef76abf02011e90379b9,TIER2,false,none,none,999,-0.00025344522211727166,0.0004478303347140291,-0.40242792901735847,-0.19011992083500948,-0.2302681567108482,-0.011976429281160059,-0.2245991449193244,8.138591060271354,-0.11357539100329794,0.3359363694926992,0.7489737017916686,0.04988709861325605,0.008844755206940025,0.001706339000084771,0.9995972835076493,0.9995972835076493,0.0,200,0,0.0,0,0,0,0.0,6.175797270445675e-16,0,0,5703,0,0.2866486000129953,0.28125,0.0,369,0.0007412025017608678,0.00018508426484012747,630,-0.0008360246032458964,0.0006013430568986831
T2_TAILS,shift_t5|EW,1003,shift_t5,df317d3462976748e7690d0e88218a83735167f51656ef76abf02011e90379b9,TIER2,false,none,none,999,0.0005345364019406394,0.0006105456434192986,-0.3268693331359486,0.3434143890095085,0.310118202534319,0.021633073094294103,0.82098974492642,15.955259796516312,0.0603139966866979,0.39224673630466733,0.49861413682234695,0.049700629010769506,0.009638401907718376,0.0018088966048514618,0.9997589704243066,0.9997589704243066,0.0,200,0,0.0,0,0,0,0.0,7.183309612955734e-16,0,0,5509,0,0.28000329999485984,0.28125,0.0,369,0.0010687657621115856,0.0002502735401210293,630,0.00022163063384051377,0.0008220300366980662
T2_TAILS,shift_t5|EW,1004,shift_t5,df317d3462976748e7690d0e88218a83735167f51656ef76abf02011e90379b9,TIER2,false,none,none,999,-0.0009247441550660546,0.0004315459370048168,-0.5592842554522872,-0.7066564858132806,-0.7472942983279947,-0.04451517437649484,-0.4511445020899292,5.243254058605273,-0.2502146736081561,0.3297720062789045,0.7430029911616106,0.050579846199900504,0.010432609486223206,0.0019880748774430733,0.9996691315065412,0.9996691315065412,0.0,200,0,0.0,0,0,0,0.0,6.969355716391419e-16,0,0,5598,0,0.29231990000698715,0.28125,0.0,369,-0.00021540897833615574,0.0002908354981157666,630,-0.001340211901436424,0.0005140873937087364
T2_TAILS,shift_t5|EW,1005,shift_t5,df317d3462976748e7690d0e88218a83735167f51656ef76abf02011e90379b9,TIER2,false,none,none,999,0.00037955465891397746,0.00036580699526342066,-0.18090231437282367,0.3150275922696916,0.2695671478672571,0.019844872982596615,-0.8163289448921719,10.433935561838842,0.05026872974518648,0.30361713193820605,0.5702914677822024,0.04393738469733134,0.008504106839380183,0.0013429495149773962,0.9996988740378157,0.9996988740378157,0.0,200,0,0.0,0,0,0,0.0,5.719330889001894e-16,0,0,5499,0,0.2894006999558769,0.28125,0.0,369,0.001393112933853407,0.0001641798068049161,630,-0.00021410090212197407,0.0004833960406468032
T2_TAILS,shift_t5|EW,1006,shift_t5,df317d3462976748e7690d0e88218a83735167f51656ef76abf02011e90379b9,TIER2,false,none,none,999,0.0004192970576703136,0.0004450639149405302,-0.23080546116212183,0.31550837607398124,0.27569263252603,0.019875159515466565,-0.13747208518785295,8.49284802620723,0.050693607839420896,0.33489715819190463,0.5667107661707101,0.04876315862936324,0.009863907678287688,0.001953729258644406,0.9997792383530675,0.9997792383530675,0.0,200,0,0.0,0,0,0,0.0,5.171471570556722e-16,0,0,5902,0,0.3055140999495052,0.296875,0.0,369,0.0006386266569125634,0.00014462871404953524,630,0.0002908325781141387,0.0006214980484160017
T2_TAILS,shift_t5|EW,1007,shift_t5,df317d3462976748e7690d0e88218a83735167f51656ef76abf02011e90379b9,TIER2,false,none,none,999,0.00046557255346638143,0.0007227656527817888,-0.4290865500295042,0.2749089551685742,0.2440864163581858,0.01731763639430124,0.47440588379568893,14.520687068702196,0.0270588910849765,0.42677505140414523,0.5937777495677148,0.059117500467189305,0.010785395858364086,0.002357747069710575,0.9997574670321344,0.9997574670321344,0.0,200,0,0.0,0,0,0,0.0,7.157360071291197e-16,0,0,5928,0,0.3032395000336692,0.296875,0.0,369,0.00031480810945775533,0.00021034009199903564,630,0.0005538774421000053,0.0010236910456222254
T2_TAILS,shift_t5|EW,1008,shift_t5,df317d3462976748e7690d0e88218a83735167f51656ef76abf02011e90379b9,TIER2,false,none,none,999,-0.0001573923280610009,0.00036196007941879347,-0.31330468671198003,-0.1313268393629309,-0.17592880570288796,-0.008272813271962937,0.050756385748357384,4.912541759286726,-0.08171971345035389,0.3020164565276799,0.6108135253571614,0.04330519625565372,0.008946256056702451,0.0017401745880155012,0.9998087429544228,0.9998087429544228,0.0,200,0,0.0,0,0,0,0.0,5.801575011530696e-16,0,0,5936,0,0.3201040999847464,0.3125,0.0,369,0.0012473649001032653,0.00018069463702267302,630,-0.000980178704557214,0.00046675019640874993
T2_TAILS,shift_t5|EW,1009,shift_t5,df317d3462976748e7690d0e88218a83735167f51656ef76abf02011e90379b9,TIER2,false,none,none,999,-3.0909105449282103e-05,0.0005039944328222513,-0.38880888578684103,-0.021856158775360162,-0.060608060788714765,-0.0013768085889225002,-0.37814905114791336,9.529438502981016,-0.06923533940801518,0.35637984941801537,0.6549845553750764,0.05537017474656226,0.008516495598718716,0.001463476689393171,0.9996900525159128,0.9996900525159128,0.0,200,0,0.0,0,0,0,0.0,5.652312040714325e-16,0,0,5758,0,0.3140106999780983,0.3125,0.0,369,0.0005440582269496067,0.00017218665452168659,630,-0.00036767568585434557,0.0006986141795548996
T2_TAILS,shift_t5|EW,1010,shift_t5,df317d3462976748e7690d0e88218a83735167f51656ef76abf02011e90379b9,TIER2,false,none,none,999,-0.0006270494481590222,0.00050288692121566,-0.5381989733751126,-0.44388134153123165,-0.4818253344879346,-0.027961896221746795,-0.745276365069497,11.338174451524253,-0.19936620011442452,0.35598806742129196,0.6526099177539915,0.05429359177230441,0.010052545385327754,0.0018931296248808154,0.9997829631643638,0.9997829631643638,0.0,200,0,0.0,0,0,0,0.0,5.430094135388159e-16,0,0,5925,0,0.3107670999597758,0.296875,0.0,369,-0.0008949815652844798,0.0002026089995345286,630,-0.0004701177795569686,0.0006792989357032492
T2_TAILS,shift_t5|EW,1011,shift_t5,df317d3462976748e7690d0e88218a83735167f51656ef76abf02011e90379b9,TIER2,false,none,none,999,0.00022755554323686513,0.0004004366494347194,-0.24538611007695782,0.18051811101822465,0.13830649630344435,0.011371572116604075,-0.06685372531611883,6.001789677808448,0.006873538555784098,0.31766339993387543,0.3648988542146448,0.04611657298839377,0.009533375028952965,0.0018153124969533068,0.9997514930660475,0.9997514930660475,0.0,200,0,0.0,0,0,0,0.0,6.467512927896141e-16,0,0,5830,0,0.3065084000118077,0.296875,0.0,369,0.0002623813674693929,0.00018584651060946203,630,0.00020715756047209885,0.0005266193172740573
T2_TAILS,shift_t5|EW,1012,shift_t5,df317d3462976748e7690d0e88218a83735167f51656ef76abf02011e90379b9,TIER2,false,none,none,999,0.0004193902349476135,0.0004836708146075354,-0.25996879663649813,0.30272176262155387,0.26400792035695986,0.01906967857961333,0.051740133432615215,10.785889513096086,0.04573426008196746,0.34912038794819605,0.4759070022030407,0.048610384099426786,0.008581789871396349,0.001482473271236877,0.9997391425846697,0.9997391425846697,0.0,200,0,0.0,0,0,0,0.0,5.687842210316226e-16,0,0,5904,0,0.3121720000053756,0.3125,0.0,369,-0.0009346228455515076,0.0002539158687204827,630,0.0012124550392399558,0.000617153715406369
T2_TAILS,shift_t5|EW,1013,shift_t5,df317d3462976748e7690d0e88218a83735167f51656ef76abf02011e90379b9,TIER2,false,none,none,999,0.00026282820394395943,0.0005138921480589176,-0.3222697565386639,0.1840501800648048,0.14643240528420692,0.011594071552574555,0.1929777884397072,8.228293662007014,0.001627532439444579,0.35986222545697577,0.5507531547649505,0.053410424318558115,0.009161792729766314,0.0015750144256412126,0.9995607249830759,0.9995607249830759,0.0,200,0,0.0,0,0,0,0.0,5.946415936933971e-16,0,0,5711,0,0.2968317000195384,0.296875,0.0,369,0.0005352068433797602,0.00015754316568693488,630,0.0001032921437029904,0.0007231241145138209
T2_TAILS,shift_t5|EW,1014,shift_t5,df317d3462976748e7690d0e88218a83735167f51656ef76abf02011e90379b9,TIER2,false,none,none,999,-0.0008560611382531545,0.000629361327140063,-0.6915245701576826,-0.5416952485045892,-0.5749645896221695,-0.034123593188773234,0.5296976560824983,10.209358035694986,-0.2552590553687749,0.3982449678769286,0.706934147318596,0.05792970014959141,0.009434479307746818,0.0020867489916399536,0.9995965906266026,0.9995965906266026,0.0,200,0,0.0,0,0,0,0.0,6.288471974242254e-16,0,0,5388,0,0.2829839999903925,0.265625,0.0,369,-0.001872699102718943,0.00027065114341932173,630,-0.00026060175906604966,0.0008392658544720269
T2_TAILS,shift_t5|EW,1015,shift_t5,df317d3462976748e7690d0e88218a83735167f51656ef76abf02011e90379b9,TIER2,false,none,none,999,-0.0001560721621624603,0.0004226626340764801,-0.35886313622675897,-0.12051158257744335,-0.16227557861904882,-0.007591516133398557,0.06372644752165747,11.6039537534727,-0.08847520269321352,0.32636020558161344,0.5475975303838251,0.04724984642894845,0.00958091420233973,0.0017370966163181639,0.9994682731135711,0.9994682731135711,0.0,200,0,0.0,0,0,0,0.0,6.253099003141103e-16,0,0,5648,0,0.3008144000195898,0.296875,0.0,369,3.344049568420979e-05,0.000251379978659823,630,-0.00026707243318693845,0.0005235110679508508
T2_TAILS,shift_t5|EW,1016,shift_t5,df317d3462976748e7690d0e88218a83735167f51656ef76abf02011e90379b9,TIER2,false,none,none,999,0.0011224284095217875,0.000555922076032939,-0.1374251302814114,0.7557044170026134,0.7211200039359317,0.047604903620523005,0.24676654471819648,17.14442554380884,0.23714345895759692,0.37428914379166894,0.49461281512187427,0.0490210302911182,0.009387417289752516,0.001941647762906048,0.9997693847136427,0.9997693847136427,0.0,200,0,0.0,0,0,0,0.0,6.497853865856224e-16,0,0,5529,0,0.29254260001471266,0.28125,0.0,369,0.0015214479688596203,0.00024405172824974296,630,0.0008887169533381994,0.0007391192904581101
T2_TAILS,shift_t5|EW,1017,shift_t5,df317d3462976748e7690d0e88218a83735167f51656ef76abf02011e90379b9,TIER2,false,none,none,999,-4.253618485587844e-05,0.0003611970800637736,-0.2837841111118942,-0.03552930315775496,-0.08170528076541649,-0.0022381357240676544,-0.11926867032267705,5.801992637040865,-0.05474915239086764,0.30169796846526986,0.4986995812751347,0.04535593852927487,0.00802299007083778,0.001308039713657521,0.9995429452257469,0.9995429452257469,0.0,200,0,0.0,0,0,0,0.0,6.020810505663984e-16,0,0,5202,0,0.2707374999881722,0.28125,0.0,369,0.00017799226507370016,0.00017494918569505672,630,-0.0001717028483860602,0.0004706914612538926
T2_TAILS,shift_t5|EW,1018,shift_t5,df317d3462976748e7690d0e88218a83735167f51656ef76abf02011e90379b9,TIER2,false,none,none,999,-0.00029874852006725423,0.0005793439494060778,-0.5132686528079429,-0.19703246703173832,-0.23237217102983515,-0.012411878761226484,-1.9274507145709445,30.430999593352833,-0.1404408542514054,0.3820924956739292,0.6761578719224134,0.056995083526072084,0.009674940535194179,0.001891033795841712,0.9997077851499234,0.9997077851499234,0.0,200,0,0.0,0,0,0,0.0,5.826317302610295e-16,0,0,5843,0,0.29759329999797046,0.28125,0.0,369,-0.0002343684838537636,0.00019685851922001952,630,-0.00033645682699229876,0.0008040364089026952
T2_TAILS,shift_t5|EW,1019,shift_t5,df317d3462976748e7690d0e88218a83735167f51656ef76abf02011e90379b9,TIER2,false,none,none,999,-0.0009603891614644864,0.0005928648797990343,-0.6902239178171204,-0.6261374185289948,-0.6607400107889391,-0.03944294990427825,0.22821481915731348,9.24570829919059,-0.2715411724049094,0.3865254839067621,0.7440096317877081,0.060401328282096864,0.010615643569447573,0.0021217047781210575,0.9995538264140388,0.9995538264140388,0.0,200,0,0.0,0,0,0,0.0,5.042813342875463e-16,0,0,5595,0,0.28973450005287305,0.296875,0.0,369,-0.00029393607149141913,0.00019392926751375276,630,-0.00135074025702014,0.0008267937822754556
T2_TAILS,shift_t5|EW,1020,shift_t5,df317d3462976748e7690d0e88218a83735167f51656ef76abf02011e90379b9,TIER2,false,none,none,999,-0.000436838033250103,0.00037587888496535047,-0.3942476214128309,-0.3576817227362842,-0.4020703947667293,-0.02253183063984203,-0.12890949120082432,6.591274647022708,-0.14580905052786652,0.30776854779406604,0.6211632735465773,0.04423821926063712,0.009195457055110948,0.0014730715462438193,0.9996244548726904,0.9996244548726904,0.0,200,0,0.0,0,0,0,0.0,6.599628661635819e-16,0,0,5788,0,0.29269830003613606,0.265625,0.0,369,-0.00041701500757624445,0.00022986255858267228,630,-0.0004484486625733631,0.00046190377696240213
T2_TAILS,shift_t5|EW,1021,shift_t5,df317d3462976748e7690d0e88218a83735167f51656ef76abf02011e90379b9,TIER2,false,none,none,999,-0.0002956643648907128,0.0003036087410706075,-0.30403562820183894,-0.26936559176178826,-0.3193027481039269,-0.01696843732284382,-0.5484971648393238,7.234172946895873,-0.10688916559093853,0.276603331053321,0.6101420996278836,0.042347434030948844,0.009082032166140052,0.0016522189544212207,0.9995380561038841,0.9995380561038841,0.0,200,0,0.0,0,0,0,0.0,8.31607859703778e-16,0,0,5511,0,0.28821779997088015,0.28125,0.0,369,-0.00013030656125933795,0.00016115950493081173,630,-0.00039251679273194664,0.0003874067193712053
T2_TAILS,shift_t5|EW,1022,shift_t5,df317d3462976748e7690d0e88218a83735167f51656ef76abf02011e90379b9,TIER2,false,none,none,999,0.0007604624998475366,0.00060994026134335,-0.26947828761399334,0.488803630058767,0.4561691868573652,0.030791734406693187,1.8337160778395942,30.990035942558112,0.12367103682184655,0.392052223381687,0.4787193540724309,0.05253568081240562,0.010624650916947425,0.002515552301888339,0.9995878539319019,0.9995878539319019,0.0,200,0,0.0,0,0,0,0.0,5.399504577508661e-16,0,0,5412,1,0.28702659998089075,0.265625,0.0,369,0.00018212737918553199,0.00019196844117726412,630,0.001099201641949568,0.0008551355892361719
T2_TAILS,shift_t5|EW,1023,shift_t5,df317d3462976748e7690d0e88218a83735167f51656ef76abf02011e90379b9,TIER2,false,none,none,999,0.0004629137733904901,0.000451742830313721,-0.22486330882276956,0.34574406911078137,0.3055902936807396,0.021779829146253718,-0.2173694472174864,7.744153179448534,0.061349109343181274,0.33740064202526004,0.3751775334507133,0.05085656293668253,0.008813041600113224,0.0015090915896696611,0.9997528459436913,0.9997528459436913,0.0,200,0,0.0,0,0,0,0.0,6.759881661380371e-16,0,0,5944,0,0.3105313000269234,0.296875,0.0,369,0.001303151527742671,0.00018355512917960347,630,-2.922548273007294e-05,0.0006087089930772521
T2_TAILS,shift_t5|EW,1024,shift_t5,df317d3462976748e7690d0e88218a83735167f51656ef76abf02011e90379b9,TIER2,false,none,none,999,0.0011071156960792343,0.00047984095754944776,-0.08376660849541546,0.8023144624979551,0.7629035494539188,0.0505410605009535,0.5703326140236729,6.78470163024997,0.24480657001015915,0.3477354185332015,0.46584142385048616,0.04583370189070072,0.008559666180382968,0.0013933180710657019,0.9996096583087959,0.9996096583087959,0.0,200,0,0.0,0,0,0,0.0,6.669110749837899e-16,0,0,5504,0,0.29548710002563894,0.296875,0.0,369,0.0005897447657208178,0.00025961678441299046,630,0.0014101472410034495,0.0006091982130965903
T2_TAILS,shift_t5|EW,1025,shift_t5,df317d3462976748e7690d0e88218a83735167f51656ef76abf02011e90379b9,TIER2,false,none,none,999,-0.0004351598240445939,0.0004493103487122051,-0.44933889928566473,-0.32589361526747307,-0.3661635322116775,-0.020529368091940385,0.30984640755124937,8.112786827543735,-0.15307329838431483,0.3364910219834634,0.7521833266007211,0.04919248733027118,0.009413140564102241,0.0017841878265337104,0.9996324661740277,0.9996324661740277,0.0,200,0,0.0,0,0,0,0.0,6.846935139540201e-16,0,0,5364,0,0.2994384000194259,0.3125,0.0,369,0.0010182280179191364,0.00020615028113145264,630,-0.0012864298457662075,0.0005903218382895191
T2_TAILS,shift_t5|EW,1026,shift_t5,df317d3462976748e7690d0e88218a83735167f51656ef76abf02011e90379b9,TIER2,false,none,none,999,-0.0007917819564868948,0.00052195137292897,-0.5941242909689989,-0.5501623277709424,-0.5882463103099455,-0.034656969047579,-0.09052124759319059,5.891977793569401,-0.2332573153820836,0.3626730565924362,0.6903207229895842,0.0570687809461774,0.009610493861070334,0.0017238994988911416,0.9996751396394408,0.9996751396394408,0.0,200,0,0.0,0,0,0,0.0,6.726330308832421e-16,0,0,5602,0,0.28298220003489405,0.28125,0.0,369,-0.0002745805590915143,0.00022527592405153187,630,-0.0010947142035327604,0.0006961039901870296
T2_TAILS,shift_t5|EW,1027,shift_t5,df317d3462976748e7690d0e88218a83735167f51656ef76abf02011e90379b9,TIER2,false,none,none,999,3.967626863418013e-05,0.0005127445116186905,-0.37763643108791667,0.02781509722045113,-0.007860446176756354,0.0017521864271047053,0.05735768343687379,12.533016170135662,-0.05321584632596177,0.3594601743279915,0.6498775651927099,0.055061163878494856,0.00944402453065577,0.0018935328958388459,0.9996409355443353,0.9996409355443353,0.0,200,0,0.0,0,0,0,0.0,5.818213626870811e-16,0,0,5552,1,0.2867009000037797,0.28125,0.0,369,-0.00022800881679813014,0.000135237650618017,630,0.0001964632472445333,0.0007343555478565894
T2_TAILS,shift_t5|EW,1028,shift_t5,df317d3462976748e7690d0e88218a83735167f51656ef76abf02011e90379b9,TIER2,false,none,none,999,0.0005128958855335109,0.0006171450917965809,-0.33731192624377043,0.32774482714199427,0.29408358697971493,0.02064598347870402,-1.942858362969228,28.35206591595264,0.049455352747831416,0.3943609553857207,0.5758152074919658,0.06249108843988241,0.009839162573949177,0.001779677017873453,0.9997578263766963,0.9997578263766963,0.0,200,0,0.0,0,0,0,0.0,5.305887876148168e-16,0,0,5987,0,0.30568039999343455,0.28125,0.0,369,0.0008907615337814031,0.00012908346429226544,630,0.00029157457727403116,0.0009035366306256551
T2_TAILS,shift_t5|EW,1029,shift_t5,df317d3462976748e7690d0e88218a83735167f51656ef76abf02011e90379b9,TIER2,false,none,none,999,0.0020125565292206642,0.0005726922530762803,0.07420890203793949,1.3350197911594095,1.3014180500264245,0.08409834197040914,0.4712263205076421,9.046281979159312,0.5452971747223401,0.3798926792861671,0.30230434009543045,0.05251963387353284,0.009156377192651324,0.0019957269840976373,0.9998085459007212,0.9998085459007212,0.0,200,0,0.0,0,0,0,0.0,5.958373837003261e-16,0,0,5857,0,0.29833969997707754,0.3125,0.0,369,0.0012658198119877419,0.0002430294395526934,630,0.002449930892171376,0.0007659551000353591
T2_TAILS,shift_t5|MV,1000,shift_t5,9839b7ce80d739674703d3743dc92728a65fb70273e415dc0f2812501a1dc16d,TIER2,false,plain,ewma,999,2.605623858137435e-05,6.443803634273401e-06,0.0016946565749956443,0.16294492692185683,0.3854047921158957,0.010264565572257776,-0.11651919910930335,31.035145343428884,0.005771371437692574,0.040296879728297784,0.07954824119394395,0.00587714786370054,0.03447458023746448,0.00907443236220829,0.3245623932611375,0.00019243332288690977,0.0,200,0,0.0,200,0,0,9.94392110848758e-13,3.044764319193423e-16,0,0,5148,0,1.0772517999866977,1.046875,3.119568500551395,369,0.00026775353012033475,1.5301408631559042e-05,630,-0.00011550931789144533,1.2175132830334123e-06
T2_TAILS,shift_t5|MV,1001,shift_t5,9839b7ce80d739674703d3743dc92728a65fb70273e415dc0f2812501a1dc16d,TIER2,false,plain,ewma,999,-2.5598408158888064e-05,6.095300112410049e-06,-0.011058845741021789,-0.1645946379712648,0.20449936929429008,-0.01036848760015894,-0.02914025187551687,14.859030929707595,-0.007192242389797321,0.03919203526645857,0.08969954156445706,0.006438810636315661,0.035223555629366125,0.014130158819469536,0.36064783556720187,0.0038054945238021674,0.0,200,0,0.0,200,0,0,7.425817166034147e-13,3.497288598170178e-16,0,0,5059,2,1.0832781000062823,1.046875,3.1650760016054846,369,-1.9394349805128895e-05,2.566835173512721e-07,630,-2.9232213766089862e-05,9.520870359304083e-06
T2_TAILS,shift_t5|MV,1002,shift_t5,9839b7ce80d739674703d3743dc92728a65fb70273e415dc0f2812501a1dc16d,TIER2,false,plain,ewma,999,-0.00017346648915469493,7.06393529612832e-06,-0.04905389035085613,-1.0360781212698094,-0.6359256474393176,-0.06526678685035561,-0.28339228360481494,7.2204836317343,-0.043627014466421477,0.04219136990694112,0.18711711721046898,0.006878763548727125,0.05222528882812093,0.01660556593591657,0.5034831377340604,-0.0012303231155974955,0.0,200,0,0.0,200,0,0,1.4953292540607543e-12,3.330767862639616e-16,0,0,5185,0,1.0946034000371583,1.015625,3.2232785018277355,369,-7.103278074941326e-05,3.6191469240822873e-06,630,-0.00023346337550635994,9.080797773633661e-06
T2_TAILS,shift_t5|MV,1003,shift_t5,9839b7ce80d739674703d3743dc92728a65fb70273e415dc0f2812501a1dc16d,TIER2,false,plain,ewma,999,-0.0001270913773309238,1.2324589638700737e-05,-0.041344416854250554,-0.5746853455394563,-0.22905188818960406,-0.03620177396215771,-0.20730844737505463,8.213309361921478,-0.03302402803385096,0.05572967422255926,0.1462286804229839,0.009331055998964381,0.06441459244178563,0.019485336215081545,0.5565627497120922,-0.0004940735621532659,0.0,200,0,0.0,200,0,0,1.1579991378410497e-11,3.6622175990599775e-16,0,0,4964,0,1.064127899997402,1.0625,3.142682000179775,369,-0.00019700594605261807,2.3031226123416236e-05,630,-8.61414156510743e-05,6.075658362631246e-06
T2_TAILS,shift_t5|MV,1004,shift_t5,9839b7ce80d739674703d3743dc92728a65fb70273e415dc0f2812501a1dc16d,TIER2,false,plain,ewma,999,1.6673144054346445e-05,1.5377439360235848e-05,-0.0074237118546429965,0.06749564646152982,0.5177321265586403,0.004251826074208205,0.39674537948594973,9.526333383258788,0.0022704833523179424,0.06225041942653426,0.15929784207428732,0.008921260804129204,0.07990183251627815,0.027398122283994755,0.6091810492757936,-0.0016274056954957285,0.0,200,0,0.0,200,0,0,9.930508523462396e-12,4.060162905040651e-16,0,0,5380,0,1.063617300009355,1.015625,3.1271864983136766,369,0.0004258279265913557,2.7162246351006894e-05,630,-0.00022297465714590185,8.351387652469419e-06
T2_TAILS,shift_t5|MV,1005,shift_t5,9839b7ce80d739674703d3743dc92728a65fb70273e415dc0f2812501a1dc16d,TIER2,false,plain,ewma,999,3.692166127295966e-06,1.0310732075068473e-05,-0.006864487584673182,0.01825310504545523,0.4525470135023507,0.001149837538214592,0.4035076984257542,9.196258186469946,-0.00036629168425683645,0.050973566511646556,0.08689431773522723,0.007475134411691842,0.07890191313434097,0.022218162196852152,0.6692101818109161,-0.005155114285614673,0.0,200,0,0.0,200,0,0,9.538547710715744e-12,3.1288944138130357e-16,0,0,5026,0,1.0520937000401318,1.046875,3.0816774992854334,369,4.7868535591454796e-05,7.612571166527738e-06,630,-2.2182564558854207e-05,1.190388316856155e-05
T2_TAILS,shift_t5|MV,1006,shift_t5,9839b7ce80d739674703d3743dc92728a65fb70273e415dc0f2812501a1dc16d,TIER2,false,plain,ewma,999,-3.101762545689048e-05,2.9809188194402334e-06,-0.010070016242633218,-0.2851896389928274,-0.002499807665044587,-0.017965258601602627,-0.056276478369388726,8.935286120587056,-0.008158373562766497,0.02740787373181179,0.056917817917753674,0.004239664068914064,0.03232478837055848,0.007909934509448515,0.36231386136197236,-0.0006574600596582539,0.02002002002002002,200,0,0.0,200,0,0,6.107630180060112e-13,3.322593821830414e-16,0,0,4971,0,1.1041430000332184,1.109375,3.1810420032707043,369,-5.070218259082807e-05,5.460067483100956e-06,630,-1.948809913558418e-05,1.534857585618794e-06
T2_TAILS,shift_t5|MV,1007,shift_t5,9839b7ce80d739674703d3743dc92728a65fb70273e415dc0f2812501a1dc16d,TIER2,false,plain,ewma,999,7.2276020454617394e-06,9.409588707032373e-06,-0.005292293347060116,0.03740323639617872,0.42727635172680484,0.0023561824222202063,-0.4451871445084031,9.37430519715285,0.0006360168821866186,0.048695136863676214,0.1519155723863892,0.008031076051200355,0.053283873228524674,0.01861673752881867,0.4535092158661308,0.0008132483197300038,0.0,200,0,0.0,200,0,0,5.440217068532329e-12,3.3297719354596714e-16,0,0,5152,0,1.093345600005705,1.0625,3.1750119998469017,369,6.68451275766347e-05,1.2836071879529362e-06,630,-2.7691234337082426e-05,1.4175393309390602e-05
T2_TAILS,shift_t5|MV,1008,shift_t5,9839b7ce80d739674703d3743dc92728a65fb70273e415dc0f2812501a1dc16d,TIER2,false,plain,ewma,999,8.68186039266844e-05,1.4332365217936757e-05,0.01104302008476428,0.3640442158970267,0.7956428457265725,0.02293263003559617,-0.3989662064329706,15.09270687030954,0.020274357910673224,0.06009788710861691,0.08152211324172674,0.009199097761480212,0.07304280896059791,0.025742933638559472,0.6634379817428869,-0.0014083516929011867,0.0,200,0,0.0,200,0,0,3.602952779054354e-12,3.3534758543647394e-16,0,0,5533,0,1.1020164999645203,1.078125,3.1604959978722036,369,0.00023381272346729247,2.6502033909612983e-05,630,7.220481957568233e-07,7.215117610565286e-06
T2_TAILS,shift_t5|MV,1009,shift_t5,9839b7ce80d739674703d3743dc92728a65fb70273e415dc0f2812501a1dc16d,TIER2,false,plain,ewma,999,0.00013097886609718195,1.863103286005572e-05,0.018921613414287726,0.4817070814853086,1.0749101480670538,0.030344693866401255,0.2931692726031864,6.10563310849543,0.031136725735765314,0.06852021804353838,0.12254562090293462,0.0097729793807289,0.12439398470624277,0.04081316150332236,0.9148698667765613,0.0006696329958234706,0.0,200,0,0.0,200,0,0,4.232596343572838e-12,3.302685099403037e-16,0,0,5482,0,1.093718699994497,1.078125,3.1280625000363216,369,0.00034755049308685874,1.0590291040211383e-05,630,4.129770288942666e-06,2.332130246167173e-05
T2_TAILS,shift_t5|MV,1010,shift_t5,9839b7ce80d739674703d3743dc92728a65fb70273e415dc0f2812501a1dc16d,TIER2,false,plain,ewma,999,-8.607527638520822e-05,2.791076033872606e-06,-0.023801023130680162,-0.817886166045163,-0.5106419063935663,-0.051521985621799556,-0.44772345034284483,8.695872547647413,-0.021802284889531953,0.02652076847559091,0.11046595036014784,0.004522988734612809,0.030951193675981915,0.007740455216771467,0.32971333259514085,-0.0023408136352391132,0.0,200,0,0.0,200,0,0,7.142106576726196e-13,3.6108281884791734e-16,0,0,5223,0,1.0967609999934211,1.09375,3.169203001598362,369,-0.00026941189947505623,5.976439241654405e-06,630,2.1307602853131298e-05,9.006307052993238e-07
T2_TAILS,shift_t5|MV,1011,shift_t5,9839b7ce80d739674703d3743dc92728a65fb70273e415dc0f2812501a1dc16d,TIER2,false,plain,ewma,999,-3.65161861650139e-05,1.5573400931568533e-06,-0.010379428024010083,-0.4645088049707673,-0.2267479962316497,-0.02926130427982033,-0.42443736721697206,8.18190416301608,-0.0093543335676185,0.01981034334572541,0.05904239209167191,0.003254980841420605,0.019797605001873775,0.004622344852205453,0.22001763403650984,0.0005131191914006315,0.0,200,0,0.0,200,0,0,5.056043395848288e-13,3.141561279336239e-16,0,0,5022,0,1.0782555000041611,1.0625,3.1465990000288,369,-2.466549797221425e-05,2.880795224560813e-06,630,-4.345730353508226e-05,7.85390454008769e-07
T2_TAILS,shift_t5|MV,1012,shift_t5,9839b7ce80d739674703d3743dc92728a65fb70273e415dc0f2812501a1dc16d,TIER2,false,plain,ewma,999,-0.00033166408894189266,7.476807555179365e-06,-0.08923181692507255,-1.925487128466923,-1.615581265447072,-0.12129428796617513,-1.4534200016087033,10.891459189138134,-0.08106281123385617,0.04340686010189173,0.3076595852456006,0.008250864798800503,0.051069438597737916,0.01355528340061975,0.5314076337046866,0.0037803826130078065,0.0,200,0,0.0,199,1,0,4.0989057172364656e-12,3.062417032684631e-16,0,0,5299,0,1.1095911999582313,1.0625,3.2024239966995083,369,-0.0006819185291184806,1.3564749719172782e-05,630,-0.00012651505969560548,3.812787820954508e-06
T2_TAILS,shift_t5|MV,1013,shift_t5,9839b7ce80d739674703d3743dc92728a65fb70273e415dc0f2812501a1dc16d,TIER2,false,plain,ewma,999,6.574249600062383e-06,5.57885335856584e-06,-0.002560902239860055,0.04418491114749989,0.3728744310413656,0.0027833877761373874,0.1014834798638725,9.767592018408699,0.0009550316007245208,0.03749494694433627,0.10048558674688002,0.005726788151488696,0.0406299129378064,0.012560758008578886,0.4319556658740173,-0.004553511963435933,0.0,200,0,0.0,200,0,0,1.1495388958662177e-12,3.1440198589237995e-16,0,0,5090,0,1.0759503000299446,1.078125,3.136804499954451,369,2.8207852353606e-05,3.4234711332365082e-06,630,-6.096860584156021e-06,6.848305925556861e-06
T2_TAILS,shift_t5|MV,1014,shift_t5,9839b7ce80d739674703d3743dc92728a65fb70273e415dc0f2812501a1dc16d,TIER2,false,plain,ewma,999,0.0002197849071398457,6.341670448602517e-06,0.050591493740097616,1.385467367716037,1.796984280663166,0.08727624058504552,1.0252390714211936,12.265874459533325,0.056100290545114895,0.0399762548652051,0.04802341976482354,0.005083720766409556,0.04067988430395978,0.017104622877266534,0.5239220362385288,0.0007276783644906982,0.0,200,0,0.0,199,1,0,4.904623381668397e-12,2.844593552955088e-16,0,0,4989,0,1.0760973999858834,1.0625,3.1913435005117208,369,0.0003089921031831189,1.0072469811561682e-05,630,0.0001675349780287857,4.161624496742171e-06
T2_TAILS,shift_t5|MV,1015,shift_t5,9839b7ce80d739674703d3743dc92728a65fb70273e415dc0f2812501a1dc16d,TIER2,false,plain,ewma,999,-1.4524161733141916e-05,2.9716118136735712e-06,-0.005906627287888982,-0.13375046747596292,0.13870503588914385,-0.008425487492381685,0.6009478445717841,9.384117969308848,-0.004025796151125083,0.027365053938294002,0.04313111825879383,0.0037573334314107876,0.030160869608346297,0.007828733965955464,0.3211925333524303,-0.00454770577484635,0.0,200,0,0.0,200,0,0,6.040360149302275e-13,3.14526885660549e-16,0,0,5075,0,1.0846511999843642,1.0625,3.1689655003719963,369,2.931941262412452e-05,4.801643612608651e-06,630,-4.02039695709694e-05,1.9038775388495818e-06
T2_TAILS,shift_t5|MV,1016,shift_t5,9839b7ce80d739674703d3743dc92728a65fb70273e415dc0f2812501a1dc16d,TIER2,false,plain,ewma,999,-4.4658041689986795e-05,4.8934438175130526e-06,-0.01495327003191654,-0.3204738826065241,0.0173030913926633,-0.020187957025432638,0.0631242065739458,9.5930252806669,-0.011799875581485986,0.035116204834994474,0.08100058427981661,0.005385452106635298,0.04319483287162541,0.011580805604582294,0.43213245940115,-0.0022699220156664566,0.0,200,0,0.0,200,0,0,7.878271666160206e-12,2.9929511302370577e-16,0,0,5044,0,1.0982046999852173,1.0625,3.205130001879297,369,2.3608119167062714e-05,2.23914668451764e-06,630,-8.464250733483008e-05,6.449799830839434e-06
T2_TAILS,shift_t5|MV,1017,shift_t5,9839b7ce80d739674703d3743dc92728a65fb70273e415dc0f2812501a1dc16d,TIER2,false,plain,ewma,999,-9.98382030732532e-05,2.9569788041790822e-06,-0.027394703150419194,-0.9216646283546408,-0.6212778761773174,-0.05805941425788451,-0.5431859495140637,9.647859745057964,-0.02520979056104966,0.02729759437483693,0.12173093651822824,0.004325082857245535,0.03373366352582369,0.008462354876328198,0.3785697750235683,0.0038354866940105378,0.0,200,0,0.0,200,0,0,1.28003710920867e-12,3.206428444634639e-16,0,0,4581,0,1.075321400014218,1.046875,3.208135503518861,369,-0.00020299417310376062,4.619618323946244e-06,630,-3.941827776967029e-05,1.9790442925765467e-06
T2_TAILS,shift_t5|MV,1018,shift_t5,9839b7ce80d739674703d3743dc92728a65fb70273e415dc0f2812501a1dc16d,TIER2,false,plain,ewma,999,-0.00012484918124069358,1.2448515270994145e-05,-0.040873071217526355,-0.5617294466298987,-0.13290816582144188,-0.03538562904487241,-0.8297138934697855,11.957341003846482,-0.03249478854924159,0.0560091586108069,0.16735454936636798,0.009220533741361154,0.06668832064994967,0.023553475541647665,0.601565415034919,-0.0004981898173286734,0.0,200,0,0.0,200,0,0,1.5063025309312679e-12,3.487895072385341e-16,0,0,5352,0,1.0893799000186846,1.0625,3.1911754998145625,369,-0.0001387683414285574,1.2473737204284308e-05,630,-0.00011669653027351619,1.2453369768996534e-05
T2_TAILS,shift_t5|MV,1019,shift_t5,9839b7ce80d739674703d3743dc92728a65fb70273e415dc0f2812501a1dc16d,TIER2,false,plain,ewma,999,5.1962598940555966e-05,1.7915234247472758e-05,-0.0004493421580693016,0.19488566228257825,0.526311878831852,0.012276642773614819,-1.070079831787572,24.9268851872412,0.010890969208585899,0.06719106361982324,0.163189709956294,0.010713541389611073,0.06221289992183768,0.022410599448846245,0.48098912314105846,0.0028084136444616998,0.03003003003003003,200,0,0.0,200,0,0,5.006429970874598e-12,3.0123624166690015e-16,0,0,4794,0,1.0736480999621563,1.046875,3.173141499282792,369,0.000266799342079265,2.5390265144484184e-05,630,-7.387035061211646e-05,1.3527471698389918e-05
T2_TAILS,shift_t5|MV,1020,shift_t5,9839b7ce80d739674703d3743dc92728a65fb70273e415dc0f2812501a1dc16d,TIER2,false,plain,ewma,999,8.169989616608926e-05,5.504520454200582e-06,0.016426956370478855,0.5527923573369714,0.8234838575830014,0.03482264533739947,0.039310600067196944,15.160511343530096,0.020094004563915968,0.03724431707601237,0.04981969257239869,0.005563274711316473,0.03683186096788878,0.009925975031352032,0.37574436540616674,-0.0007080395484891529,0.0,200,0,0.0,200,0,0,8.919100957235731e-13,3.1654592857850823e-16,0,0,5062,0,1.0667362000094727,1.0625,3.1107935015461408,369,0.00024440044739633084,1.0790897664049426e-05,630,-1.3596140983052238e-05,2.395821716797365e-06
T2_TAILS,shift_t5|MV,1021,shift_t5,9839b7ce80d739674703d3743dc92728a65fb70273e415dc0f2812501a1dc16d,TIER2,false,plain,ewma,999,7.673237886910582e-05,5.081004301771878e-06,0.015495320222875128,0.5403860777837919,0.9335444216096594,0.034041123185179024,0.6395484745148002,9.050439937976705,0.0188728320742495,0.03578286019935401,0.05273805438544892,0.005093122280849436,0.039457243493876394,0.013180082881236099,0.4233455630644678,-0.004067597768601078,0.0,200,0,0.0,199,1,0,1.9203359804986572e-12,3.2923314256404106e-16,0,0,4888,0,1.0653338000411168,1.03125,3.142167500918731,369,-8.036992722679011e-06,1.8153562765347677e-06,630,0.00012638301080143693,6.9929833694568675e-06
T2_TAILS,shift_t5|MV,1022,shift_t5,9839b7ce80d739674703d3743dc92728a65fb70273e415dc0f2812501a1dc16d,TIER2,false,plain,ewma,999,0.00010585998801412774,2.8807087287179018e-05,0.004898558990452852,0.3130995450708456,0.9851096119942062,0.019723417425355157,0.23005422658719077,5.496506347052115,0.023320476853732064,0.08520203047092899,0.152592340778032,0.012075947988243406,0.12066590012419308,0.056849866257396665,0.8863938018393129,0.004681944004386087,0.0,200,0,0.0,200,0,0,4.82742893771937e-12,3.1003720401002967e-16,0,0,5253,5,1.0545197000028566,1.046875,3.114069999428466,369,0.0002481273774740494,2.972434082684618e-05,630,2.253194561617361e-05,2.8297412845989762e-05
T2_TAILS,shift_t5|MV,1023,shift_t5,9839b7ce80d739674703d3743dc92728a65fb70273e415dc0f2812501a1dc16d,TIER2,false,plain,ewma,999,8.854719559777431e-06,7.538173140685858e-06,-0.0034674695652945962,0.051196706940382544,0.3649370514622661,0.0032250893930882555,-0.02359056331097121,12.265082276117065,0.0012832750153948247,0.04358462609054753,0.08367382277902422,0.006564230385172545,0.047995730316026296,0.013284467919335899,0.46718190620246486,-0.003549036206995231,0.0,200,0,0.0,200,0,0,5.419226005728461e-12,2.953894820497733e-16,0,0,5250,0,1.0890933999908157,1.09375,3.1441330022062175,369,3.633609026388244e-05,1.4292587117610881e-05,630,-7.2415118526269325e-06,3.5977469490744066e-06
T2_TAILS,shift_t5|MV,1024,shift_t5,9839b7ce80d739674703d3743dc92728a65fb70273e415dc0f2812501a1dc16d,TIER2,false,plain,ewma,999,0.00034720190743460196,1.217121250078598e-05,0.0782934440229255,1.5798485296578653,2.054023631393806,0.09952110282442292,0.7487773866984472,7.275806629578327,0.08975327492564222,0.0553818160608522,0.04253115274222516,0.007083324554868636,0.08570246846076925,0.025820846222562546,0.7461440168507886,-0.002078316590433636,0.0,200,0,0.0,200,0,0,1.0692127319844815e-11,2.655692583820637e-16,0,0,5154,0,1.1044097000267357,1.09375,3.215188999020029,369,0.0006907100131315868,1.80914820316536e-05,630,0.00014600430266922506,8.617107779110082e-06
T2_TAILS,shift_t5|MV,1025,shift_t5,9839b7ce80d739674703d3743dc92728a65fb70273e415dc0f2812501a1dc16d,TIER2,false,plain,ewma,999,2.478607610148756e-05,8.24320043454879e-06,1.4231649055979312e-05,0.13704402935557158,0.4533108457558703,0.00863296238907328,0.05918731328718854,13.939935394599617,0.005222107546542398,0.045577258687927856,0.08390824083852787,0.007169874486395836,0.04938891186867929,0.01446818201212826,0.4295409200139293,0.0036077081494846645,0.0,200,0,0.0,200,0,0,3.063031000082953e-12,2.910779580514022e-16,0,0,4806,0,1.0889760999707505,1.0625,3.1925705014145933,369,0.00018813572285587423,8.945075768844175e-06,630,-7.089014556893891e-05,7.820847539601578e-06
T2_TAILS,shift_t5|MV,1026,shift_t5,9839b7ce80d739674703d3743dc92728a65fb70273e415dc0f2812501a1dc16d,TIER2,false,plain,ewma,999,1.6998166321332716e-05,7.76680133542144e-06,-0.0015881638966027641,0.096823604529763,0.4037410755965718,0.006099313776824283,0.2884034760668556,11.86140332044879,0.003311848168608078,0.04424063671022607,0.13527737599419504,0.007050384679896633,0.04682000238640522,0.013211305548478394,0.43465877438340106,0.00019637358753004435,0.0,200,0,0.0,200,0,0,1.6037951182643162e-12,3.1566829824990407e-16,0,0,5071,0,1.0903275000164285,1.09375,3.196137997729238,369,0.00018837375388751674,1.5838936428904318e-05,630,-8.337896353886079e-05,3.0291798720117932e-06
T2_TAILS,shift_t5|MV,1027,shift_t5,9839b7ce80d739674703d3743dc92728a65fb70273e415dc0f2812501a1dc16d,TIER2,false,plain,ewma,999,0.0001394682503968287,9.90366003450561e-06,0.027658832113914587,0.7035221269710578,1.0467454640652636,0.04431772832849108,0.7465201325050671,16.346040815487314,0.03448025798190635,0.049957204972810615,0.05478993718651778,0.007499302463999491,0.05216390801363183,0.016727948455537673,0.41592018519547447,-0.001133882584618605,0.0,200,0,0.0,200,0,0,8.418224477141879e-13,3.260503362901499e-16,0,0,5020,1,1.0830181000055745,1.078125,3.1787705011083744,369,0.00015900437678203385,4.047972764452437e-06,630,0.00012802566208549424,1.334495296790227e-05
T2_TAILS,shift_t5|MV,1028,shift_t5,9839b7ce80d739674703d3743dc92728a65fb70273e415dc0f2812501a1dc16d,TIER2,false,plain,ewma,999,-9.521004645193318e-05,7.309849811261587e-06,-0.02951917816320092,-0.5590218980462004,-0.19787649697546,-0.03521506951594168,-0.13695911069442496,8.707938314912708,-0.024606817009799054,0.04291948453136314,0.13985246882956018,0.0068844075732581375,0.05783471960090884,0.015398582608540835,0.5065302469060163,-2.318289845873614e-05,0.0,200,0,0.0,199,1,0,1.703464784638557e-11,3.635742488328782e-16,0,0,5422,0,1.1235014999983832,1.109375,3.221746002091095,369,-0.00019251002500028563,1.0391705205486672e-05,630,-3.8220059016469585e-05,5.509607339570082e-06
T2_TAILS,shift_t5|MV,1029,shift_t5,9839b7ce80d739674703d3743dc92728a65fb70273e415dc0f2812501a1dc16d,TIER2,false,plain,ewma,999,-4.801879943588532e-05,3.2115866488550253e-06,-0.0145286969643775,-0.42535519968069985,-0.14910467374131578,-0.026794858981508386,-1.0084101364630613,12.380737292268957,-0.012427943840113032,0.028448547159942394,0.10122197560598702,0.005136776391077021,0.028869297988475526,0.007812996942212066,0.31326031165390594,0.0007626492514054579,0.0,200,0,0.0,200,0,0,1.536677005703571e-12,3.2375731432232795e-16,0,0,5079,0,1.1007313000154682,1.078125,3.181809999514371,369,-1.2224964577545514e-05,1.1052658084604417e-06,630,-6.898375985291293e-05,4.447815567773012e-06
T2_TAILS,shift_t5|ROBUST,1000,shift_t5,159f6f0d0cf24e77c323646443c6cce4fe595171c12cbbd6621029e2e9949188,TIER2,false,plain,lw,999,7.542908482475911e-05,5.595578418635707e-06,0.014777872091350702,0.5061935600520319,0.6294887573140701,0.03188719702762181,-0.7130071371370789,56.51593921430274,0.018470790860571462,0.03755110865868275,0.058474116191540144,0.005183380065446706,0.016968156918437904,0.004817670494203033,0.14406539178550726,-0.00021086887654562175,0.3053053053053053,200,0,0.0,200,0,0,3.2287298962033106e-13,3.2821204806006416e-16,0,0,2372,0,0.9967660999973305,0.953125,2.937773503654171,369,0.00028123242928169284,1.4916845047325868e-05,630,-4.5112874071444914e-05,1.1161391738088501e-07
T2_TAILS,shift_t5|ROBUST,1001,shift_t5,159f6f0d0cf24e77c323646443c6cce4fe595171c12cbbd6621029e2e9949188,TIER2,false,plain,lw,999,-3.4813290339003436e-05,7.436542348983742e-06,-0.014394975181260575,-0.20265616257013738,0.069464609950583,-0.012766138281315708,-0.5974045427523584,17.61000470867905,-0.009663318418204114,0.043289821805407136,0.09210191623768478,0.007575073525805449,0.0263376328804095,0.011417948333284892,0.23407730060618256,0.00031193626346337055,0.4004004004004004,200,0,0.0,200,0,0,3.9939407249996273e-13,3.418885637879397e-16,0,0,2126,1,0.998196900007315,0.96875,2.9341605002991855,369,9.003778592532261e-07,1.7914285361558285e-10,630,-5.573129599798234e-05,1.1797864909476764e-05
T2_TAILS,shift_t5|ROBUST,1002,shift_t5,159f6f0d0cf24e77c323646443c6cce4fe595171c12cbbd6621029e2e9949188,TIER2,false,plain,lw,999,-0.0001054148674472581,5.361076181100564e-06,-0.030617520189621068,-0.722730109399147,-0.40205971351089015,-0.04552771748782495,-0.48152353254789154,12.95128463215909,-0.026873732171546094,0.036755832158139774,0.11482593226392021,0.006229313257772431,0.0355598162824473,0.01141504889247704,0.31901971637740945,0.0004338640535745059,0.02002002002002002,200,0,0.0,200,0,0,1.8160040167280891e-12,3.2913323419445453e-16,0,0,3480,0,1.028249400027562,1.015625,3.050366500392556,369,-0.00010746162239441114,2.3676895721893763e-06,630,-0.00010421605383535418,7.120893187517741e-06
T2_TAILS,shift_t5|ROBUST,1003,shift_t5,159f6f0d0cf24e77c323646443c6cce4fe595171c12cbbd6621029e2e9949188,TIER2,false,plain,lw,999,-0.00011082630970541733,1.2907815335633585e-05,-0.03768653843950416,-0.4896849661675849,-0.24508066148597044,-0.03084725336301208,-0.20776319412697145,12.745000448005623,-0.02912333427911784,0.057033055893750455,0.12549304013867205,0.009903760604447212,0.04801596534166317,0.014510090968011997,0.4116131394539577,-0.0018021548056376252,0.21021021021021022,200,0,0.0,200,0,0,3.696950817718001e-12,3.484501248469952e-16,0,0,3137,0,0.9948263000114821,0.90625,2.942768500361126,369,-0.0001060659616320934,2.9879909128637972e-05,630,-0.00011361451357693563,2.9986961622820938e-06
T2_TAILS,shift_t5|ROBUST,1004,shift_t5,159f6f0d0cf24e77c323646443c6cce4fe595171c12cbbd6621029e2e9949188,TIER2,false,plain,lw,999,6.3393901047526e-05,1.740494799941291e-05,0.002817122376420393,0.2412189279336057,0.5955141870356923,0.015195364162712673,0.3105277405981941,10.251189330457139,0.013881366618757829,0.06622723681274989,0.12256104374739173,0.010063634840052042,0.06687869872982895,0.022704439133373864,0.5428285720309943,-0.002509724165221461,0.0,200,0,0.0,200,0,0,6.4713391633416176e-12,3.501731927759871e-16,0,0,5058,0,1.0482518000062555,1.015625,3.095488500839565,369,0.00035204727577189585,3.049538539410032e-05,630,-0.00010567450414817634,9.696475222308237e-06
T2_TAILS,shift_t5|ROBUST,1005,shift_t5,159f6f0d0cf24e77c323646443c6cce4fe595171c12cbbd6621029e2e9949188,TIER2,false,plain,lw,999,-7.413855884164645e-05,1.2336170161064594e-05,-0.02800906146985974,-0.3350844191891258,-0.0379612517865915,-0.021108334318736818,-0.05833794228997562,15.32436181478123,-0.020033606383861424,0.05575585063998466,0.16735267204860782,0.008873028632820268,0.05820871512981049,0.01688677613229133,0.49072820488256386,-0.002349496244835223,0.04504504504504504,200,0,0.0,200,0,0,7.89305934459251e-12,2.987874182695322e-16,0,0,3646,0,1.0112440999946557,0.984375,2.9626544981147163,369,8.643324515761917e-05,6.2827276714188494e-06,630,-0.00016818775832693058,1.5873398234791598e-05
T2_TAILS,shift_t5|ROBUST,1006,shift_t5,159f6f0d0cf24e77c323646443c6cce4fe595171c12cbbd6621029e2e9949188,TIER2,false,plain,lw,999,-2.7694899130426186e-05,1.2570501841699234e-06,-0.00792944452009986,-0.39212429428464285,-0.23374233093377805,-0.024701508707235028,-0.24974877426462272,15.3125776913123,-0.007112069492198003,0.017798220315829914,0.04352969817520213,0.002951429407370585,0.013763680792274536,0.0029501853599959386,0.13595845955119754,0.0007805967183262489,0.3153153153153153,200,0,0.0,200,0,0,3.6930542651570745e-13,3.3724830993716414e-16,0,0,2600,0,1.0222050999873318,1.03125,2.9959339991910383,369,-0.00010208465651582984,2.2896864921667164e-06,630,1.587624448102452e-05,6.49751111492486e-07
T2_TAILS,shift_t5|ROBUST,1007,shift_t5,159f6f0d0cf24e77c323646443c6cce4fe595171c12cbbd6621029e2e9949188,TIER2,false,plain,lw,999,-4.483390939761104e-05,1.1449956628635704e-05,-0.019954312379446573,-0.21033181013444113,0.06394719442627167,-0.013249658629090146,-0.6817748315613168,13.131951764522213,-0.012661265896608653,0.05371581769289375,0.18805326634051847,0.0096646376546564,0.042217499088224406,0.014521441620206924,0.349331186003972,-0.0025911871705049487,0.2902902902902903,200,0,0.0,199,1,0,2.793079552899604e-12,4.038271981185916e-16,0,0,3339,0,1.0274985000141896,1.0,2.9878724974696524,369,6.293242481097143e-05,9.212299367449382e-07,630,-0.00010795419086263791,1.7617247471462546e-05
T2_TAILS,shift_t5|ROBUST,1008,shift_t5,159f6f0d0cf24e77c323646443c6cce4fe595171c12cbbd6621029e2e9949188,TIER2,false,plain,lw,999,0.00018745085233034636,1.3172222878529772e-05,0.03727941429107878,0.8198948426807321,1.1671848785758072,0.05164852035613436,0.7911925212438464,15.592828297697906,0.046633447097933045,0.0576142357876029,0.07196513404349875,0.00837232076060624,0.05511183919349343,0.019821531656699278,0.48797428247349545,0.00030193728165505405,0.0,200,0,0.0,200,0,0,2.786753650218642e-12,2.636795486020581e-16,0,0,4589,0,1.0719185000052676,1.046875,3.097752997709904,369,0.00034678602175101985,2.597759596489478e-05,630,9.412596738395189e-05,5.677691655443068e-06
T2_TAILS,shift_t5|ROBUST,1009,shift_t5,159f6f0d0cf24e77c323646443c6cce4fe595171c12cbbd6621029e2e9949188,TIER2,false,plain,lw,999,0.00015386713632002078,2.2941452619575106e-05,0.021430780172246453,0.5099594978005408,0.9468813183682224,0.0321244288070386,0.30509382126612655,7.693966840391187,0.03653897224999869,0.07603450572031706,0.12953491098922884,0.01135632759779265,0.10468638725913516,0.03353049247054634,0.8354572059564963,-0.0003369422085518164,0.0,200,0,0.0,200,0,0,3.0076684320251397e-12,3.0477186633724445e-16,0,0,5145,0,1.0569022999843583,1.03125,3.0625295027857646,369,0.0002237013561632535,9.531059529523228e-06,630,0.00011296423612612734,3.0819215010761797e-05
T2_TAILS,shift_t5|ROBUST,1010,shift_t5,159f6f0d0cf24e77c323646443c6cce4fe595171c12cbbd6621029e2e9949188,TIER2,false,plain,lw,999,-4.340785263366896e-05,1.673708843742889e-06,-0.012204102749554203,-0.5326336705127187,-0.3228707542313259,-0.033552767430385017,-0.6750197348620166,16.058242716437938,-0.011087907194299973,0.020537152398110308,0.053967267019483796,0.003605616706809365,0.01782461511694976,0.0042253343100260785,0.17672762822765417,-0.0007824462885921947,0.39039039039039036,200,0,0.0,200,0,0,6.599620377436634e-13,3.0051121271965995e-16,0,0,2324,0,1.0543451000121422,1.0,3.0781484986073337,369,-0.00012328317958733892,4.425988196412647e-06,630,3.3762674391948603e-06,6.019810776689385e-08
T2_TAILS,shift_t5|ROBUST,1011,shift_t5,159f6f0d0cf24e77c323646443c6cce4fe595171c12cbbd6621029e2e9949188,TIER2,false,plain,lw,999,-1.2831690511009944e-05,5.954670150308027e-07,-0.003683759072137793,-0.2639704373408693,-0.12871754902511318,-0.01662857453992615,0.16367026306221513,16.6897414920411,-0.0033030892407919232,0.012249803581599269,0.026819284433113474,0.0020843699266307426,0.007616213967287876,0.001685628521936488,0.07152039511210442,-0.0004815483709375452,0.44544544544544545,200,0,0.0,200,0,0,1.9563769414637498e-13,2.784283464736341e-16,0,0,1676,0,1.0386961000040174,1.0,3.064764495647978,369,-1.2557874972435429e-05,1.5390903081912077e-06,630,-1.299206818360359e-05,4.434150034402498e-08
T2_TAILS,shift_t5|ROBUST,1012,shift_t5,159f6f0d0cf24e77c323646443c6cce4fe595171c12cbbd6621029e2e9949188,TIER2,false,plain,lw,999,-0.0002555068423666938,4.436881866809098e-06,-0.0677420069677145,-1.9255902240098688,-1.7504245118352426,-0.12130078237493497,-2.11016022310198,17.94804836727726,-0.06289168165402625,0.033437916060004284,0.2479928810600263,0.006687249307596328,0.023879957584560994,0.005891973479690563,0.2341476698911517,0.0017818452664302268,0.16016016016016016,200,0,0.0,200,0,0,4.1287344303617126e-13,3.069619228515648e-16,0,0,3270,0,1.071007999998983,1.015625,3.1048565002856776,369,-0.0006155450036437445,1.057171752048354e-05,630,-4.4627347904421226e-05,7.341292762571419e-07
T2_TAILS,shift_t5|ROBUST,1013,shift_t5,159f6f0d0cf24e77c323646443c6cce4fe595171c12cbbd6621029e2e9949188,TIER2,false,plain,lw,999,-2.9356932765263938e-05,4.134753931906896e-06,-0.010523821029368127,-0.229184960001568,-0.018219987764705414,-0.014437295438105577,-0.5904092339307169,17.641630181610097,-0.007887706622223822,0.032279374077583,0.08876333396053157,0.005506808427599676,0.022748201626294606,0.007108877554340291,0.21298080409307846,-0.002932705994598886,0.16416416416416416,200,0,0.0,200,0,0,4.073859520397566e-13,3.283826735149221e-16,0,0,3075,0,1.048781199962832,0.984375,3.0627129960339516,369,-1.0162099711472693e-05,1.866275514751002e-06,630,-4.059962069677024e-05,5.468170824957567e-06
T2_TAILS,shift_t5|ROBUST,1014,shift_t5,159f6f0d0cf24e77c323646443c6cce4fe595171c12cbbd6621029e2e9949188,TIER2,false,plain,lw,999,0.00015967057348093366,4.092019123794172e-06,0.037143418059606886,1.2530151677817554,1.560023434179398,0.07893253626053326,1.4087368798075497,16.16274154908984,0.04051920006398446,0.03211212884870966,0.04433793514469538,0.004445244225961262,0.027598363854000933,0.010499511107756529,0.2842806555774768,0.004054373191987932,0.0,200,0,0.0,200,0,0,1.2871792292019987e-12,2.7498533185751865e-16,0,0,3938,0,1.0641606000135653,1.03125,3.1829360005212948,369,0.0003217472714938508,8.873293810933924e-06,630,6.473993607336793e-05,1.276776319421098e-06
T2_TAILS,shift_t5|ROBUST,1015,shift_t5,159f6f0d0cf24e77c323646443c6cce4fe595171c12cbbd6621029e2e9949188,TIER2,false,plain,lw,999,1.9561636335821924e-05,1.2854072754686214e-06,0.0039577644563728465,0.27389561183796957,0.4169167391737554,0.01725380176464634,0.7353406984664949,20.83219765799253,0.004779162941027648,0.017997850799973108,0.03798891626280394,0.0027123038326042482,0.012604239762673818,0.0029248866208893237,0.1141797270604534,0.0010199862249826246,0.07507507507507508,200,0,0.0,200,0,0,1.2072216122737887e-13,3.4043352813512513e-16,0,0,2788,0,1.046504299971275,1.03125,3.0794359993888065,369,7.620791542408575e-05,2.879224475527472e-06,630,-1.3616898558732605e-05,3.5199410622694044e-07
T2_TAILS,shift_t5|ROBUST,1016,shift_t5,159f6f0d0cf24e77c323646443c6cce4fe595171c12cbbd6621029e2e9949188,TIER2,false,plain,lw,999,-7.746917161996878e-05,2.8497408418473373e-06,-0.02167663532466872,-0.7284948721523783,-0.5413078833152173,-0.04589086340716633,-1.4400464571108749,21.877378501588748,-0.01968599306666552,0.02679803522920158,0.09344751991679158,0.004819171230449435,0.020022798115487118,0.005007435207794773,0.1747771097618386,-0.0026932085925087013,0.16016016016016016,200,0,0.0,200,0,0,1.827482519680888e-12,3.5116668244761066e-16,0,0,2734,0,0.9791825999855064,0.96875,2.911009000672493,369,1.0973245859627838e-05,8.055661241696848e-07,630,-0.00012927115900087538,4.042950898200282e-06
T2_TAILS,shift_t5|ROBUST,1017,shift_t5,159f6f0d0cf24e77c323646443c6cce4fe595171c12cbbd6621029e2e9949188,TIER2,false,plain,lw,999,-6.9725874956025e-05,1.1579066639207459e-06,-0.018446297926842384,-1.0286259263142201,-0.8600655993662809,-0.0647973426938304,-1.4035903972848425,15.927737316116788,-0.01756142048002829,0.017081934296443946,0.07275380655315555,0.003114573250036472,0.013804601490803701,0.003152150189385811,0.12891563996896188,0.0029329965131354697,0.1001001001001001,200,0,0.0,200,0,0,3.565084600401847e-13,3.5269353977167607e-16,0,0,2619,0,0.9620503000332974,0.96875,2.9248580004787073,369,-0.00016947310870081388,2.1653332673271766e-06,630,-1.130249519122011e-05,5.610913597288722e-07
T2_TAILS,shift_t5|ROBUST,1018,shift_t5,159f6f0d0cf24e77c323646443c6cce4fe595171c12cbbd6621029e2e9949188,TIER2,false,plain,lw,999,-8.209608998862546e-05,7.521941183384869e-06,-0.026374802211772578,-0.4751795885435589,-0.18627262519083168,-0.02993350046143461,-1.4247884498901295,16.43120620150584,-0.021406126352248478,0.0435376753882541,0.10862979017654482,0.007372942125460633,0.03848932588875282,0.01223200177671708,0.32028441520886847,-0.0017620110455352322,0.06506506506506507,200,0,0.0,200,0,0,2.5211627322795467e-13,3.660519075323551e-16,0,0,3948,0,0.9966295000049286,0.96875,2.98861299874261,369,-0.0001868099251834722,8.223697764068646e-06,630,-2.0763700803072373e-05,7.113132903811205e-06
T2_TAILS,shift_t5|ROBUST,1019,shift_t5,159f6f0d0cf24e77c323646443c6cce4fe595171c12cbbd6621029e2e9949188,TIER2,false,plain,lw,999,9.372086239849691e-05,1.7968334964337752e-05,0.01003359609138188,0.3509802096693368,0.6284536832265196,0.022109674997389826,-0.5089838564663433,22.94482463425719,0.02158108082521748,0.06729056702847075,0.11835336778188979,0.010473961631639533,0.05188703570093771,0.019098217830736702,0.42210465392565333,0.002312546881303129,0.23523523523523523,200,0,0.0,200,0,0,2.0779056164409096e-12,3.491104943911043e-16,0,0,3198,0,0.9744451000005938,0.90625,2.910722500528209,369,0.0002435191432232035,2.6864451277674794e-05,630,5.98186934402592e-06,1.277130400167603e-05
T2_TAILS,shift_t5|ROBUST,1020,shift_t5,159f6f0d0cf24e77c323646443c6cce4fe595171c12cbbd6621029e2e9949188,TIER2,false,plain,lw,999,5.5644698310618875e-05,5.167715414569027e-06,0.010115671120861772,0.3885749215294749,0.538918126029768,0.024477919240081636,1.0851367442290576,33.81142723980348,0.01346249261752508,0.036086899069764845,0.05593643136195235,0.005346369377239593,0.020835360436230126,0.005479599101343647,0.19128988939550104,0.0013777807513030312,0.16516516516516516,200,0,0.0,200,0,0,4.770462760650918e-13,3.466660134140857e-16,0,0,2999,0,0.9627424000063911,0.921875,2.8691050020279363,369,0.00018308040835921156,1.2873164946175916e-05,630,-1.8996217574985412e-05,6.527072771871364e-07
T2_TAILS,shift_t5|ROBUST,1021,shift_t5,159f6f0d0cf24e77c323646443c6cce4fe595171c12cbbd6621029e2e9949188,TIER2,false,plain,lw,999,0.0001253264790412938,4.44516010146747e-06,0.02822173168169663,0.9436249280008159,1.210493580566309,0.05944278310503306,1.6990231009112504,17.88561474065316,0.031508421222071314,0.03346909538021311,0.04907147648820949,0.004763821056651998,0.02567076354263047,0.00832570941021215,0.23692717306397543,-0.0037923589035312173,0.24024024024024024,200,0,0.0,200,0,0,3.846787549952824e-13,2.4195367143168403e-16,0,0,2887,0,0.961749299953226,0.96875,2.896418000163976,369,3.761850442648149e-05,7.634697976175278e-07,630,0.0001766982927442553,6.599064680010874e-06
T2_TAILS,shift_t5|ROBUST,1022,shift_t5,159f6f0d0cf24e77c323646443c6cce4fe595171c12cbbd6621029e2e9949188,TIER2,false,plain,lw,999,0.00013120657576298417,3.929255133455251e-05,0.0033588882833503137,0.3322773645195992,0.8625588399900176,0.02093150649559087,0.2946085500236308,7.058064727505628,0.028521857652633154,0.09950740141470499,0.17342335448363544,0.014527059746435539,0.10985452346149345,0.05228730481612963,0.8812037364113868,0.003837603938951405,0.0,200,0,0.0,200,0,0,2.0982008452632106e-12,3.0714407033021634e-16,0,0,4910,6,0.9806391000165604,0.953125,2.921387999667786,369,0.0002652989869632264,4.3550822437716774e-05,630,5.2666734917128015e-05,3.684696742411123e-05
T2_TAILS,shift_t5|ROBUST,1023,shift_t5,159f6f0d0cf24e77c323646443c6cce4fe595171c12cbbd6621029e2e9949188,TIER2,false,plain,lw,999,9.944370775124764e-05,6.316155577902202e-06,0.02028480073642034,0.6281323623672865,0.85638649827561,0.03956861955369873,-0.4445527304502884,19.794600949776132,0.024559788654511028,0.03989575423063656,0.04662956745156188,0.00605258359895938,0.031217377082327323,0.00855244624419089,0.2981955330613347,-0.0023816657629678398,0.24024024024024024,200,0,0.0,200,0,0,1.7970658080640737e-12,2.9190409660687074e-16,0,0,2830,0,0.9860956000047736,0.96875,2.88723800011212,369,0.00018603798555024266,1.456635261980519e-05,630,4.872420218326483e-05,1.4923972586996176e-06
T2_TAILS,shift_t5|ROBUST,1024,shift_t5,159f6f0d0cf24e77c323646443c6cce4fe595171c12cbbd6621029e2e9949188,TIER2,false,plain,lw,999,0.00038401366241871385,1.050264001277021e-05,0.08883144707986161,1.8810385946616042,2.2455321119821345,0.11849429352354843,0.9723701363365315,7.937193926679035,0.10013686171751046,0.05144575087622002,0.04583593533425845,0.006698095339927308,0.06191639756871557,0.018436614439719622,0.5500901807127535,0.0002933781144920261,0.044044044044044044,200,0,0.0,200,0,0,4.1038359217740175e-12,2.720884848899074e-16,0,0,3993,0,0.974871099984739,0.96875,2.898162000346929,369,0.0007557171341137231,1.8678059533034057e-05,630,0.0001663016289973513,5.607735183234163e-06
T2_TAILS,shift_t5|ROBUST,1025,shift_t5,159f6f0d0cf24e77c323646443c6cce4fe595171c12cbbd6621029e2e9949188,TIER2,false,plain,lw,999,3.172725773646511e-05,5.567079788419557e-06,0.003786556629544022,0.21346126762305315,0.44138432157743523,0.01344679592083815,-0.165732899325084,13.239200602219091,0.0073208960080783925,0.03745536152117249,0.062615974434675,0.006367875225348401,0.029862500298008708,0.008499786638232356,0.25062436687493905,0.0025222607476127704,0.13413413413413414,200,0,0.0,200,0,0,9.972473898091002e-13,3.206235447770427e-16,0,0,2974,0,0.9646143999998458,0.96875,2.9137209994951263,369,8.436138906455908e-05,6.947371140802401e-06,630,8.986951014386358e-07,4.765806100234754e-06
T2_TAILS,shift_t5|ROBUST,1026,shift_t5,159f6f0d0cf24e77c323646443c6cce4fe595171c12cbbd6621029e2e9949188,TIER2,false,plain,lw,999,6.240546109103094e-05,5.316353905501709e-06,0.011707012642380504,0.42965109684904373,0.6459390943099961,0.027065475066397542,0.6660739136305558,14.679431465461377,0.01517116895128412,0.0366022019035253,0.0793425405095831,0.005580022568279015,0.028401014661472924,0.007576642115862712,0.23190041113009355,-0.00034840496958984767,0.23023023023023023,200,0,0.0,200,0,0,6.606578029734249e-13,2.9554591959318595e-16,0,0,2837,0,0.9806877000373788,0.984375,2.9353394999634475,369,0.00023290497283414677,1.2844880896110273e-05,630,-3.7458538644222615e-05,8.931562662794059e-07
T2_TAILS,shift_t5|ROBUST,1027,shift_t5,159f6f0d0cf24e77c323646443c6cce4fe595171c12cbbd6621029e2e9949188,TIER2,false,plain,lw,999,7.134851808761808e-05,8.719554060837004e-06,0.01138784368808698,0.38356422192837064,0.6327019557296543,0.024162274834391814,0.5030682405159947,27.561531594529022,0.017026051369805284,0.04687566131086499,0.05718443255786949,0.007371081909582122,0.03655707423962341,0.011388929218717111,0.26612942742266754,0.0011668421782542089,0.0890890890890891,200,0,0.0,200,0,0,6.45905264578627e-13,2.7838609924954443e-16,0,0,3013,0,0.9839833999867551,0.984375,2.9539004978141747,369,0.0001006521476270087,3.1542946983744115e-06,630,5.418496364311784e-05,1.1988604216577051e-05
T2_TAILS,shift_t5|ROBUST,1028,shift_t5,159f6f0d0cf24e77c323646443c6cce4fe595171c12cbbd6621029e2e9949188,TIER2,false,plain,lw,999,-2.87438423529469e-05,5.583907017305197e-06,-0.011464881978025346,-0.19309721218728668,0.07449787322743208,-0.01216398100731979,-0.712982670681115,11.291589461873567,-0.00791577608952998,0.037511925681853624,0.10794210779270702,0.006495439037675188,0.03958189505455802,0.009961760383432426,0.3329414115194539,1.0257656955075316e-05,0.14614614614614616,200,0,0.0,200,0,0,3.861591356120741e-12,3.677176926204093e-16,0,0,3292,0,0.9846206000074744,0.90625,2.8704134991858155,369,-0.00014482397799759893,1.2980911396024647e-05,630,3.9245951381777864e-05,1.252590520379679e-06
T2_TAILS,shift_t5|ROBUST,1029,shift_t5,159f6f0d0cf24e77c323646443c6cce4fe595171c12cbbd6621029e2e9949188,TIER2,false,plain,lw,999,-3.7108610576009414e-05,1.7139602783250414e-06,-0.010647123835568104,-0.4499607041786494,-0.27648429788681195,-0.028344860071624,-1.3547409862851454,17.365500338016794,-0.009521936934485664,0.020782636746522577,0.07545321590700536,0.004048091687263722,0.013859860323889268,0.0036149699866876903,0.12361387874743784,0.0011624910235769042,0.43043043043043044,200,0,0.0,200,0,0,3.7619014276503233e-13,2.9352951621948173e-16,0,0,1933,0,0.9485118999728002,0.9375,2.8247210022527725,369,-2.2768091525258034e-05,1.460370608611032e-07,630,-4.550805744859237e-05,2.633816196178126e-06
